userId,stockSymbol,stockName,fairValue,comment
hankmoody789,TXG,10x Genomics Inc Ordinary Shares - Class A,64.33,
hankmoody789,YI,111 Inc 1 ADR represents 2 Class Common stocks,7.7,
hankmoody789,PIH,1347 Property Insurance Holdings Inc,5.27,
hankmoody789,PIHPP,1347 Property Insurance Holdings Inc Pref Share,28.97,
hankmoody789,TURN,180 Degree Capital Corp,2.37,
hankmoody789,FLWS,1-800-Flowers.com Inc Class A,22.22,
hankmoody789,BCOW,1895 Bancorp of Wisconsin Inc Ordinary Shares,11.57,
hankmoody789,ONEM,1Life Healthcare Inc Ordinary Shares,26.68,
hankmoody789,FCCY,1st Constitution Bancorp,16.3,
hankmoody789,SRCE,1st Source Corp,37.91,
hankmoody789,VNET,21Vianet Group Inc ADR,17.51,
hankmoody789,TWOU,2U Inc,41.8,
hankmoody789,QFIN,360 Finance Inc ADR,11.14,
hankmoody789,KRKR,36KR Holdings Inc ADR,7.43,
hankmoody789,JOBS,51job Inc ADR,68.72,
hankmoody789,ETNB,89bio Inc Ordinary Shares,29.09,
hankmoody789,JFK,8i Enterprises Acquisition Corp,10.78,
hankmoody789,JFKKR,-,0,No result in autocomplete search
hankmoody789,JFKKU,,—,
hankmoody789,JFKKW,-,0,No result in autocomplete search
hankmoody789,EGHT,8x8 Inc,17,
hankmoody789,NMTR,9 Meters Biopharma Inc,0.69,
hankmoody789,JFU,9F Inc ADR,7.59,
hankmoody789,AAON,AAON Inc,41.31,
hankmoody789,ABEO,Abeona Therapeutics Inc,4.32,
hankmoody789,ABMD,Abiomed Inc,189.1,
hankmoody789,AXAS,Abraxas Petroleum Corp,0.47,
hankmoody789,ACIU,AC Immune SA,8.75,
hankmoody789,ACIA,Acacia Communications Inc,61.43,
hankmoody789,ACTG,Acacia Research Corp,4.39,
hankmoody789,ACHC,Acadia Healthcare Co Inc,36.66,
hankmoody789,ACAD,ACADIA Pharmaceuticals Inc,38.91,
hankmoody789,ACAM,Acamar Partners Acquisition Corp Class A,9.34,
hankmoody789,ACAMU,,—,
hankmoody789,ACAMW,-,0,No result in autocomplete search
hankmoody789,ACST,Acasti Pharma Inc,0.79,
hankmoody789,AXDX,Accelerate Diagnostics Inc,13.06,
hankmoody789,ACCP,-,0,Name field not found
hankmoody789,XLRN,Acceleron Pharma Inc,78.63,
hankmoody789,ARAY,Accuray Inc,3.02,
hankmoody789,ACRX,AcelRx Pharmaceuticals Inc,1.48,
hankmoody789,ACER,Acer Therapeutics Inc,4.6,
hankmoody789,ACHV,Achieve Life Sciences Inc,0.65,
hankmoody789,ACIW,ACI Worldwide Inc,28.88,
hankmoody789,ACRS,Aclaris Therapeutics Inc,2.63,
hankmoody789,ACMR,ACM Research Inc Class A,46.65,
hankmoody789,ACNB,ACNB Corp,30.41,
hankmoody789,ACOR,Acorda Therapeutics Inc,1.59,
hankmoody789,ACTT,Act II Global Acquisition Corp Ordinary Shares - Class A,9.7,
hankmoody789,ACTTU,,—,
hankmoody789,ACTTW,-,0,No result in autocomplete search
hankmoody789,ATVI,Activision Blizzard Inc,66,
hankmoody789,ADMS,Adamas Pharmaceuticals Inc,4.16,
hankmoody789,ADMP,Adamis Pharmaceuticals Corp,1.13,
hankmoody789,AHCO,AdaptHealth Corp Ordinary Shares,18.69,
hankmoody789,ADAP,Adaptimmune Therapeutics PLC ADR,10.49,
hankmoody789,ADPT,Adaptive Biotechnologies Corp,34.67,
hankmoody789,ADXN,-,0,No result in autocomplete search
hankmoody789,ADUS,Addus HomeCare Corp,104.71,
hankmoody789,AEY,Addvantage Technologies Group Inc,5.24,
hankmoody789,IOTS,Adesto Technologies Corp,13.23,
hankmoody789,ADIL,,1.77,
hankmoody789,ADILW,-,0,No result in autocomplete search
hankmoody789,ADMA,-,0,No result in autocomplete search
hankmoody789,ADBE,Adobe Inc,350,
hankmoody789,ADTN,Adtran Inc,—,
hankmoody789,ADRO,Aduro Biotech Inc,2.78,
hankmoody789,ADES,Advanced Emissions Solutions Inc,6.59,
hankmoody789,AEIS,Advanced Energy Industries Inc,71.51,
hankmoody789,AMD,Advanced Micro Devices Inc,25,
hankmoody789,ADXS,Advaxis Inc,0.91,
hankmoody789,ADVM,Adverum Biotechnologies Inc,23.4,
hankmoody789,DWEQ,-,0,Name field not found
hankmoody789,DWAW,-,0,Name field not found
hankmoody789,DWUS,-,0,Name field not found
hankmoody789,DWMC,-,0,Name field not found
hankmoody789,DWSH,-,0,Name field not found
hankmoody789,ACT,-,0,Name field not found
hankmoody789,AEGN,Aegion Corp Class A,16.7,
hankmoody789,AGLE,Aeglea BioTherapeutics Inc,9.51,
hankmoody789,AEHR,Aehr Test Systems,2.45,
hankmoody789,AMTX,Aemetis Inc,1.21,
hankmoody789,AERI,Aerie Pharmaceuticals Inc,18.05,
hankmoody789,AVAV,AeroVironment Inc,67.83,
hankmoody789,ARPO,Aerpio Pharmaceuticals Inc,1.55,
hankmoody789,AIH,Aesthetic Medical International Holdings Group Ltd ADR,7.41,
hankmoody789,AEZS,AEterna Zentaris Inc,0.96,
hankmoody789,AEMD,Aethlon Medical Inc,2.28,
hankmoody789,AFMD,Affimed NV,4.4,
hankmoody789,AFYA,Afya Ltd,20.12,
hankmoody789,AGBA,AGBA Acquisition Ltd,10.27,
hankmoody789,AGBAR,-,0,No result in autocomplete search
hankmoody789,AGBAU,,—,
hankmoody789,AGBAW,-,0,No result in autocomplete search
hankmoody789,AGEN,Agenus Inc,4.46,
hankmoody789,AGRX,Agile Therapeutics Inc,3.69,
hankmoody789,AGYS,Agilysys Inc,25.42,
hankmoody789,AGIO,Agios Pharmaceuticals Inc,48.23,
hankmoody789,AGMH,AGM Group Holdings Inc Class A,19.01,
hankmoody789,AGNC,AGNC Investment Corp,14.53,
hankmoody789,AGNCM,AGNC Investment Corp Pref Share,24.55,
hankmoody789,AGNCN,AGNC Investment Corp Pref Share,24.99,
hankmoody789,AGNCO,AGNC Investment Corp Pref Share,24.37,
hankmoody789,AGNCP,AGNC Investment Corp Pref Share,23.3,
hankmoody789,AGFS,AgroFresh Solutions Inc,4.48,
hankmoody789,AGFSW,-,0,No result in autocomplete search
hankmoody789,AIKI,AIkido Pharma Inc,0.93,
hankmoody789,ALRN,Aileron Therapeutics Inc,1.38,
hankmoody789,AIMT,Aimmune Therapeutics Inc,21.96,
hankmoody789,AIRT,Air T Inc,18.19,
hankmoody789,AIRTP,Air T Inc Pref Share,27.54,
hankmoody789,AIRTW,-,0,No result in autocomplete search
hankmoody789,ATSG,Air Transport Services Group Inc,23.59,
hankmoody789,AIRG,Airgain Inc,12.39,
hankmoody789,ANTE,AirNet Technology Inc ADR,1.48,
hankmoody789,AKAM,Akamai Technologies Inc,70,
hankmoody789,AKTX,Akari Therapeutics PLC ADR,2.26,
hankmoody789,AKCA,Akcea Therapeutics Inc,15.04,
hankmoody789,AKBA,Akebia Therapeutics Inc,15.35,
hankmoody789,KERN,Akerna Corp Ordinary Shares - Class A,14.02,
hankmoody789,KERNW,-,0,No result in autocomplete search
hankmoody789,AKRO,Akero Therapeutics Inc,26.33,
hankmoody789,AKER,Akers Biosciences Inc,5.56,
hankmoody789,AKTS,Akoustis Technologies Inc,7.87,
hankmoody789,ALRM,Alarm.com Holdings Inc,50.48,
hankmoody789,ALSK,Alaska Communications Systems Group Inc,3.13,
hankmoody789,ALAC,Alberton Acquisition Corp,10.48,
hankmoody789,ALACR,-,0,No result in autocomplete search
hankmoody789,ALACU,,—,
hankmoody789,ALACW,-,0,No result in autocomplete search
hankmoody789,ALBO,Albireo Pharma Inc,31.54,
hankmoody789,ALDX,Aldeyra Therapeutics Inc,6.23,
hankmoody789,ALEC,Alector Inc,29.72,
hankmoody789,ALRS,Alerus Financial Corp,21.33,
hankmoody789,ALXN,Alexion Pharmaceuticals Inc,155,
hankmoody789,ALCO,Alico Inc,36.75,
hankmoody789,ALIT,Alithya Group Inc,2.44,
hankmoody789,ALGN,Align Technology Inc,175,
hankmoody789,ALIM,Alimera Sciences Inc,7.9,
hankmoody789,ALYA,Alithya Group Inc,2.44,
hankmoody789,ALJJ,ALJ Regional Holdings Inc,1.22,
hankmoody789,ALKS,Alkermes PLC,18.21,
hankmoody789,ALLK,Allakos Inc,70.42,
hankmoody789,ABTX,Allegiance Bancshares Inc,29.32,
hankmoody789,ALGT,Allegiant Travel Co,137.92,
hankmoody789,ALNA,Allena Pharmaceuticals Inc,1.97,
hankmoody789,ARLP,Alliance Resource Partners LP,5.06,
hankmoody789,LNT,Alliant Energy Corp,47,
hankmoody789,AESE,Allied Esports Entertainment Inc Ordinary Shares,3.65,
hankmoody789,AHPI,Allied Healthcare Products Inc,14.19,
hankmoody789,AMOT,Allied Motion Technologies Inc,41.28,
hankmoody789,ALLO,Allogene Therapeutics Inc,37.97,
hankmoody789,ALLT,Allot Ltd,11.54,
hankmoody789,MDRX,Allscripts Healthcare Solutions Inc,4.52,
hankmoody789,ALNY,Alnylam Pharmaceuticals Inc,142,
hankmoody789,AOSL,Alpha &amp, Omega Semiconductor Ltd,14.5
hankmoody789,GOOG,Alphabet Inc Class C,1400,
hankmoody789,GOOGL,Alphabet Inc A,1400,
hankmoody789,SMCP,-,0,Name field not found
hankmoody789,ATEC,Alphatec Holdings Inc,7.06,
hankmoody789,ALPN,Alpine Immune Sciences Inc,5.8,
hankmoody789,ALTR,Altair Engineering Inc Class A,35.61,
hankmoody789,ATHE,Alterity Therapeutics Ltd ADR,0.9,
hankmoody789,ALT,Altimmune Inc,7.98,
hankmoody789,ASPS,Altisource Portfolio Solutions SA,18.67,
hankmoody789,AIMC,Altra Industrial Motion Corp,40.1,
hankmoody789,ALTM,Altus Midstream Co Class A,1.31,
hankmoody789,AMAG,AMAG Pharmaceuticals Inc,11.43,
hankmoody789,AMAL,Amalgamated Bank Ordinary Shares Class A,14.5,
hankmoody789,AMRN,Amarin Corp PLC ADR,8.62,
hankmoody789,AMRK,A-Mark Precious Metals Inc,22.34,
hankmoody789,AMZN,Amazon.com Inc,2500,
hankmoody789,AMBC,Ambac Financial Group Inc,18.03,
hankmoody789,AMBA,Ambarella Inc,53.76,
hankmoody789,AMCX,AMC Networks Inc A,52,
hankmoody789,AMCI,AMCI Acquisition Corp Class A,9.92,
hankmoody789,AMCIU,,—,
hankmoody789,AMCIW,-,0,No result in autocomplete search
hankmoody789,DOX,Amdocs Ltd,—,
hankmoody789,AMED,Amedisys Inc,148.05,
hankmoody789,AMTB,Amerant Bancorp Inc Ordinary Shares - Class A,18.31,
hankmoody789,AMTBB,Amerant Bancorp Inc Class B,12.75,
hankmoody789,UHAL,Amerco Inc,339.44,
hankmoody789,AMRH,Ameri Holdings Inc,2.9,
hankmoody789,AMRHW,-,0,No result in autocomplete search
hankmoody789,ATAX,America First Multifamily Investors LP,5.27,
hankmoody789,AMOV,America Movil SAB de CV ADR,18,
hankmoody789,AAL,American Airlines Group Inc,15.7,
hankmoody789,AFIN,American Finance Trust Inc,12.1,
hankmoody789,AFINP,American Finance Trust Inc Pref Share,31.31,
hankmoody789,AMNB,American National Bankshares Inc,28.49,
hankmoody789,ANAT,American National Insurance Co,94.47,
hankmoody789,APEI,American Public Education Inc,31.62,
hankmoody789,AREC,American Resources Corp,1.8,
hankmoody789,AMRB,American River Bankshares,13.05,
hankmoody789,AMSWA,American Software Inc Class A,18.89,
hankmoody789,AMSC,American Superconductor Corp,9.34,
hankmoody789,AVCT,American Virtual Cloud Technologies Inc,3.89,
hankmoody789,AVCTW,-,0,No result in autocomplete search
hankmoody789,AMWD,American Woodmark Corp,84.3,
hankmoody789,CRMT,America's Car-Mart Inc,106.55,
hankmoody789,ABCB,Ameris Bancorp,28.7,
hankmoody789,AMSF,AMERISAFE Inc,62.18,
hankmoody789,ASRV,AmeriServ Financial Inc,3.62,
hankmoody789,ASRVP,Ameriserv Financial Capital Trust I Pref Share,—,
hankmoody789,ATLO,Ames National Corp,23.07,
hankmoody789,AMGN,Amgen Inc,219,
hankmoody789,FOLD,Amicus Therapeutics Inc,12.3,
hankmoody789,AMKR,Amkor Technology Inc,15.4,
hankmoody789,AMPH,Amphastar Pharmaceuticals Inc,21.09,
hankmoody789,IBUY,-,0,Name field not found
hankmoody789,AMHC,Amplitude Healthcare Acquisition Corp Ordinary Shares Class A,8.62,
hankmoody789,AMHCU,,—,
hankmoody789,AMHCW,-,0,No result in autocomplete search
hankmoody789,ASYS,Amtech Systems Inc,6.97,
hankmoody789,AMRS,Amyris Inc,5.35,
hankmoody789,ADI,Analog Devices Inc,103,
hankmoody789,ANAB,AnaptysBio Inc,28.1,
hankmoody789,AVXL,Anavex Life Sciences Corp,4.42,
hankmoody789,ANCN,Anchiano Therapeutics Ltd ADR,2.28,
hankmoody789,ANDA,Andina Acquisition Corp III Ordinary Shares,10.14,
hankmoody789,ANDAR,-,0,No result in autocomplete search
hankmoody789,ANDAU,,—,
hankmoody789,ANDAW,-,0,No result in autocomplete search
hankmoody789,ANGI,ANGI Homeservices Inc A,11.37,
hankmoody789,ANGO,AngioDynamics Inc,12.5,
hankmoody789,ANIP,ANI Pharmaceuticals Inc,40.13,
hankmoody789,ANIK,Anika Therapeutics Inc,43.49,
hankmoody789,ANIX,Anixa Biosciences Inc,2.52,
hankmoody789,ANPC,AnPac Bio-Medical Science Co Ltd ADR,8.38,
hankmoody789,ANSS,Ansys Inc,196,
hankmoody789,ATRS,Antares Pharma Inc,3.06,
hankmoody789,ATEX,Anterix Inc,49.66,
hankmoody789,APA,Apache Corp,15,
hankmoody789,APLS,Apellis Pharmaceuticals Inc,32.26,
hankmoody789,APEX,Apex Global Brands Inc,1.33,
hankmoody789,APXT,Apex Technology Acquisition Corp Ordinary Shares - Class A,8.49,
hankmoody789,APXTU,,—,
hankmoody789,APXTW,-,0,No result in autocomplete search
hankmoody789,APHA,Aphria Inc,6.12,
hankmoody789,APOG,Apogee Enterprises Inc,29.99,
hankmoody789,APEN,Apollo Endosurgery Inc,2.56,
hankmoody789,AINV,Apollo Investment Corp,13.44,
hankmoody789,AMEH,Apollo Medical Holdings Inc,18.59,
hankmoody789,APPF,AppFolio Inc A,103.78,
hankmoody789,APPN,Appian Corp A,41.12,
hankmoody789,AAPL,Apple Inc,240,
hankmoody789,APDN,Applied DNA Sciences Inc,11.15,
hankmoody789,AGTC,Applied Genetic Technologies Corp,8.05,
hankmoody789,AMAT,Applied Materials Inc,65,
hankmoody789,AMTI,Applied Molecular Transport Inc Ordinary Shares,28.06,
hankmoody789,AAOI,Applied Optoelectronics Inc,14.59,
hankmoody789,APLT,Applied Therapeutics Inc,46.43,
hankmoody789,APRE,Aprea Therapeutics Inc,33.41,
hankmoody789,APVO,Aptevo Therapeutics Inc,10.19,
hankmoody789,APTX,Aptinyx Inc,6.03,
hankmoody789,APM,Aptorum Group Ltd Class A,4.61,
hankmoody789,APTO,Aptose Biosciences Inc,6.83,
hankmoody789,APYX,Apyx Medical Corp,7.36,
hankmoody789,AQMS,Aqua Metals Inc,1.66,
hankmoody789,AQB,AquaBounty Technologies Inc,3.35,
hankmoody789,AQST,Aquestive Therapeutics Inc,7.57,
hankmoody789,ARAV,Aravive Inc,16.95,
hankmoody789,ABUS,Arbutus Biopharma Corp,2.33,
hankmoody789,ABIO,ARCA biopharma Inc,9.43,
hankmoody789,RKDA,Arcadia Biosciences Inc,5.35,
hankmoody789,ARCB,ArcBest Corp,28.3,
hankmoody789,ACGL,Arch Capital Group Ltd,35.3,
hankmoody789,ACGLO,Arch Capital Group Ltd Pref Share,28.85,
hankmoody789,ACGLP,Arch Capital Group Ltd Pref Share,28.31,
hankmoody789,FUV,Arcimoto Inc,3.76,
hankmoody789,ARCE,Arco Platform Ltd Class A,36.73,
hankmoody789,ARCT,Arcturus Therapeutics Holdings Inc,34.31,
hankmoody789,ARQT,Arcutis Biotherapeutics Inc Ordinary Shares,31.79,
hankmoody789,ARDX,Ardelyx Inc,7.59,
hankmoody789,ARNA,Arena Pharmaceuticals Inc,63.64,
hankmoody789,ARCC,Ares Capital Corp,17.26,
hankmoody789,ARGX,argenx SE ADR,184.32,
hankmoody789,ARDS,Aridis Pharmaceuticals Inc,7.4,
hankmoody789,ARKR,Ark Restaurants Corp,17.86,
hankmoody789,DWCR,-,0,Name field not found
hankmoody789,DWAT,-,0,Name field not found
hankmoody789,AROW,Arrow Financial Corp,30.97,
hankmoody789,ARWR,Arrowhead Pharmaceuticals Inc,27.67,
hankmoody789,ARTL,Artelo Biosciences Inc,2.03,
hankmoody789,ARTLW,-,0,No result in autocomplete search
hankmoody789,ARTNA,Artesian Resources Corp Class A,32.75,
hankmoody789,ARTW,Art's-Way Manufacturing Co Inc,4.89,
hankmoody789,ARVN,Arvinas Inc,30.14,
hankmoody789,ARYBU,,—,
hankmoody789,ARYA,ARYA Sciences Acquisition Corp Ordinary Shares Class A,13.04,
hankmoody789,ARYAU,,—,
hankmoody789,ARYAW,-,0,No result in autocomplete search
hankmoody789,ASNA,Ascena Retail Group Inc,4.65,
hankmoody789,ASND,Ascendis Pharma A/S ADR,130.32,
hankmoody789,APWC,Asia Pacific Wire &amp, Cable Corp Ltd,1.72
hankmoody789,ASLN,ASLAN Pharmaceuticals Ltd ADR,2.12,
hankmoody789,ASML,ASML Holding NV ADR,245,
hankmoody789,ASPU,Aspen Group Inc,10.69,
hankmoody789,AZPN,Aspen Technology Inc,114,
hankmoody789,AWH,Aspira Womens Health Inc,3.81,
hankmoody789,ASMB,Assembly Biosciences Inc,26.79,
hankmoody789,ASRT,Assertio Holdings Inc,1.4,
hankmoody789,ASFI,Asta Funding Inc,13.15,
hankmoody789,ASTE,Astec Industries Inc,46.31,
hankmoody789,ATRO,Astronics Corp,14.15,
hankmoody789,ALOT,AstroNova Inc,10.06,
hankmoody789,ASTC,Astrotech Corp,2.99,
hankmoody789,ASUR,Asure Software Inc,7.96,
hankmoody789,AACG,ATA Creativity Global ADR,1.89,
hankmoody789,ATRA,Atara Biotherapeutics Inc,14.43,
hankmoody789,ATNX,Athenex Inc,17.6,
hankmoody789,ATHX,Athersys Inc,2.76,
hankmoody789,ATIF,ATIF Holdings Ltd,1.65,
hankmoody789,AAME,Atlantic American Corp,3.36,
hankmoody789,ACBI,Atlantic Capital Bancshares Inc,14.52,
hankmoody789,AUB,Atlantic Union Bankshares Corp,26.87,
hankmoody789,AUBAP,Atlantic Union Bankshares Corp Pref Share,28.38,
hankmoody789,AY,Atlantica Sustainable Infrastructure PLC,27.91,
hankmoody789,ATLC,Atlanticus Holdings Corp,16.74,
hankmoody789,AAWW,Atlas Air Worldwide Holdings Inc,51.91,
hankmoody789,AFH,Atlas Financial Holdings Inc,1.85,
hankmoody789,ATCX,Atlas Technical Consultants Inc Ordinary Shares - Class A,11.2,
hankmoody789,ATCXW,-,0,No result in autocomplete search
hankmoody789,TEAM,Atlassian Corporation PLC A,150,
hankmoody789,ATNI,ATN International Inc,65.3,
hankmoody789,ATOM,Atomera Inc,9.48,
hankmoody789,ATOS,Atossa Therapeutics Inc,4.03,
hankmoody789,BCEL,Atreca Inc,22.15,
hankmoody789,ATRC,AtriCure Inc,46.52,
hankmoody789,ATRI,Atrion Corp,557.1,
hankmoody789,LIFE,aTyr Pharma Inc,6.59,
hankmoody789,AUBN,Auburn National Bancorp Inc,64.16,
hankmoody789,AUDC,AudioCodes Ltd,29.47,
hankmoody789,AEYE,AudioEye Inc,10.63,
hankmoody789,AUPH,Aurinia Pharmaceuticals Inc,15.68,
hankmoody789,EARS,Auris Medical Holding Ltd,1.56,
hankmoody789,JG,Aurora Mobile Ltd ADR,2.22,
hankmoody789,ADSK,Autodesk Inc,198,
hankmoody789,AUTL,Autolus Therapeutics PLC ADR,18.34,
hankmoody789,ADP,Automatic Data Processing Inc,136,
hankmoody789,AUTO,AutoWeb Inc,2.01,
hankmoody789,AVDL,Avadel Pharmaceuticals PLC ADR,9.94,
hankmoody789,AHI,Aluf Holdings Inc,0,
hankmoody789,AVCO,Avalon Globocare Corp,1.78,
hankmoody789,ATXI,Avenue Therapeutics Inc,10.62,
hankmoody789,AVEO,AVEO Pharmaceuticals Inc,6.35,
hankmoody789,AVNW,Aviat Networks Inc,20.63,
hankmoody789,CDMO,Avid Bioservices Inc,6.87,
hankmoody789,CDMOP,Avid Bioservices Inc Pref Share,30.93,
hankmoody789,AVID,Avid Technology Inc,8.32,
hankmoody789,RNA,Avidity Biosciences Inc Ordinary Shares,25.67,
hankmoody789,AVGR,Avinger Inc,0.71,
hankmoody789,CAR,Avis Budget Group Inc,35.57,
hankmoody789,RCEL,Avita Medical Ltd ADR,8.02,
hankmoody789,AVT,Avnet Inc,38,
hankmoody789,AVRO,Avrobio Inc,26.18,
hankmoody789,AWRE,Aware Inc,3.83,
hankmoody789,ACLS,Axcelis Technologies Inc,31.82,
hankmoody789,AXLA,Axcella Health Inc,6.75,
hankmoody789,AXGN,Axogen Inc,12.59,
hankmoody789,AAXN,Axon Enterprise Inc,75.97,
hankmoody789,AXNX,Axonics Modulation Technologies Inc,39.27,
hankmoody789,AXGT,Axovant Gene Therapies Ltd,4.68,
hankmoody789,AXSM,Axsome Therapeutics Inc,64.84,
hankmoody789,AXTI,AXT Inc,6.51,
hankmoody789,AYLA,Ayala Pharmaceuticals Inc Ordinary Shares,14.42,
hankmoody789,AYRO,AYRO Inc Ordinary Shares,3.45,
hankmoody789,AYTU,Aytu BioScience Inc,2.44,
hankmoody789,AZRX,AzurRx BioPharma Inc,1.15,
hankmoody789,BCOM,B Communications Ltd,3.38,
hankmoody789,RILY,B. Riley Financial Inc,25.43,
hankmoody789,RILYG,-,0,No result in autocomplete search
hankmoody789,RILYH,-,0,No result in autocomplete search
hankmoody789,RILYI,-,0,No result in autocomplete search
hankmoody789,RILYM,-,0,No result in autocomplete search
hankmoody789,RILYN,-,0,No result in autocomplete search
hankmoody789,RILYO,-,0,No result in autocomplete search
hankmoody789,RILYP,B. Riley Financial Inc Pref Share,25.32,
hankmoody789,RILYZ,-,0,No result in autocomplete search
hankmoody789,BOSC,BOS Better Online Solutions Ltd,3.98,
hankmoody789,BIDU,Baidu Inc ADR,191,
hankmoody789,BCPC,Balchem Corp,86,
hankmoody789,BLDP,Ballard Power Systems Inc,10.34,
hankmoody789,BANF,BancFirst Corp,48.01,
hankmoody789,BANFP,BFC Capital Trust II Pref Share,—,
hankmoody789,BCTF,Bancorp 34 Inc,14.51,
hankmoody789,BAND,Bandwidth Inc Class A,104.68,
hankmoody789,BFC,Bank First Corp,68.34,
hankmoody789,BOCH,Bank of Commerce Holdings Inc,8.68,
hankmoody789,BMRC,Bank of Marin Bancorp,35.84,
hankmoody789,BMLP,-,0,Name field not found
hankmoody789,BKSC,Bank of South Carolina Corp,17.13,
hankmoody789,BOTJ,Bank of the James Financial Group Inc,12.81,
hankmoody789,OZK,Bank OZK,28.28,
hankmoody789,BSVN,Bank7 Corp,14.32,
hankmoody789,BFIN,BankFinancial Corp,9.87,
hankmoody789,BWFG,Bankwell Financial Group Inc,20.51,
hankmoody789,BANR,Banner Corp,44.34,
hankmoody789,BZUN,Baozun Inc ADR,38.97,
hankmoody789,DFVL,-,0,Name field not found
hankmoody789,DFVS,-,0,Name field not found
hankmoody789,DTUL,-,0,Name field not found
hankmoody789,DTUS,-,0,Name field not found
hankmoody789,DTYL,-,0,Name field not found
hankmoody789,FLAT,Fleetcor Technologies Inc,220.85,
hankmoody789,STPP,-,0,Name field not found
hankmoody789,TAPR,-,0,Name field not found
hankmoody789,BBSI,Barrett Business Services Inc,65,
hankmoody789,GOLD,Barrick Gold Corp,15,
hankmoody789,BSET,Bassett Furniture Industries Inc,10.11,
hankmoody789,ZTEST,-,0,No result in autocomplete search
hankmoody789,BXRX,Baudax Bio Inc Ordinary Shares,4.08,
hankmoody789,BCML,BayCom Corp,17.17,
hankmoody789,BBQ,BBQ Holdings Inc,4.81,
hankmoody789,BCBP,BCB Bancorp Inc,10.64,
hankmoody789,BECN,Beacon Roofing Supply Inc,41.06,
hankmoody789,BEAM,Beam Therapeutics Inc,28.3,
hankmoody789,BBGI,Beasley Broadcast Group Inc Class A,3.63,
hankmoody789,BBBY,Bed Bath &amp, Beyond Inc,11.3
hankmoody789,BGNE,BeiGene Ltd ADR,172.91,
hankmoody789,BELFA,Bel Fuse Inc Class A,14,
hankmoody789,BELFB,Bel Fuse Inc Class B,13.89,
hankmoody789,BLPH,Bellerophon Therapeutics Inc,14.37,
hankmoody789,BLCM,Bellicum Pharmaceuticals Inc,10.95,
hankmoody789,BLU,BELLUS Health Inc,10.01,
hankmoody789,BNFT,Benefitfocus Inc,15.63,
hankmoody789,BFYT,Benefytt Technologies Inc Class A,21.25,
hankmoody789,BNTC,Benitec Biopharma Inc Ordinary Shares,11.39,
hankmoody789,BRY,Berry Corp (bry),7.48,
hankmoody789,BWMX,Betterware de Mexico SAPI de CV Ordinary Shares,9.33,
hankmoody789,XAIR,Beyond Air Inc,8.59,
hankmoody789,BYND,Beyond Meat Inc,60,
hankmoody789,BYSI,BeyondSpring Inc,16.95,
hankmoody789,BGCP,BGC Partners Inc Class A,3.98,
hankmoody789,BCYC,Bicycle Therapeutics PLC ADR,16.81,
hankmoody789,BGFV,Big 5 Sporting Goods Corp,4.46,
hankmoody789,BRPA,Big Rock Partners Acquisition Corp,9.34,
hankmoody789,BRPAR,-,0,No result in autocomplete search
hankmoody789,BRPAU,Big Rock Partners Acquisition Corp Units (1 Ord &amp, 1 War),12.72
hankmoody789,BRPAW,-,0,No result in autocomplete search
hankmoody789,BILI,Bilibili Inc ADR,33.85,
hankmoody789,BASI,Bioanalytical Systems Inc,6.8,
hankmoody789,BCDA,BioCardia Inc,2.32,
hankmoody789,BCDAW,-,0,No result in autocomplete search
hankmoody789,BIOC,Biocept Inc,1.02,
hankmoody789,BCRX,BioCryst Pharmaceuticals Inc,4.85,
hankmoody789,BDSI,BioDelivery Sciences International Inc,5.07,
hankmoody789,BDSI,BioDelivery Sciences International Inc,5.07,
hankmoody789,BFRA,Biofrontera AG ADR,8.62,
hankmoody789,BIIB,Biogen Inc,413,
hankmoody789,BHTG,BioHiTech Global Inc,1.9,
hankmoody789,BKYI,BIO-key International Inc,1.14,
hankmoody789,BIOL,Biolase Inc,0.75,
hankmoody789,BLFS,BioLife Solutions Inc,15.18,
hankmoody789,BLRX,BioLine Rx Ltd ADR,2.54,
hankmoody789,BMRN,Biomarin Pharmaceutical Inc,119,
hankmoody789,BMRA,Biomerica Inc,6.71,
hankmoody789,BNGO,Bionano Genomics Inc,0.84,
hankmoody789,BNGOW,-,0,No result in autocomplete search
hankmoody789,BVXV,BiondVax Pharmaceuticals Ltd ADR,21.94,
hankmoody789,BNTX,BioNTech SE ADR,36.82,
hankmoody789,BPTH,Bio-Path Holdings Inc,7.39,
hankmoody789,BSGM,BioSig Technologies Inc,10.81,
hankmoody789,BSTC,BioSpecifics Technologies Corp,55.94,
hankmoody789,TECH,Bio-Techne Corp,—,
hankmoody789,BEAT,BioTelemetry Inc,44.63,
hankmoody789,BIVI,BioVie Inc,13.77,
hankmoody789,BTAI,BioXcel Therapeutics Inc,50.19,
hankmoody789,BJRI,BJ's Restaurants Inc,29.99,
hankmoody789,BDTX,Black Diamond Therapeutics Inc Ordinary Shares,41.46,
hankmoody789,BLKB,Blackbaud Inc,66,
hankmoody789,BL,BlackLine Inc,58,
hankmoody789,BKCC,BlackRock Capital Investment Corp,3.68,
hankmoody789,TCPC,BlackRock TCP Capital Corp,12.07,
hankmoody789,BLNK,Blink Charging Co,2.49,
hankmoody789,BLNKW,-,0,No result in autocomplete search
hankmoody789,BLMN,Bloomin Brands Inc,15.28,
hankmoody789,BCOR,Blucora Inc,19.18,
hankmoody789,BLBD,Blue Bird Corp,17.47,
hankmoody789,BHAT,Blue Hat Interactive Entertainment Technology,1.92,
hankmoody789,BLUE,bluebird bio Inc,83.3,
hankmoody789,BKEP,Blueknight Energy Partners LP,1.99,
hankmoody789,BKEPP,Blueknight Energy Partners LP Pref Share,7.98,
hankmoody789,BPMC,Blueprint Medicines Corp,74.74,
hankmoody789,ITEQ,-,0,Name field not found
hankmoody789,BMCH,BMC Stock Holdings Inc,28.54,
hankmoody789,BSBK,Bogota Financial Corp,10.82,
hankmoody789,WIFI,Boingo Wireless Inc,14.89,
hankmoody789,BOKF,BOK Financial Corp,70.61,
hankmoody789,BOKFL,-,0,No result in autocomplete search
hankmoody789,BNSO,Bonso Electronics International Inc,3.35,
hankmoody789,BKNG,Booking Holdings Inc,1950,
hankmoody789,BIMI,BOQI International Medical Inc,3.97,
hankmoody789,BRQS,Borqs Technologies Inc,2.66,
hankmoody789,BOMN,Boston Omaha Corp Class A,18.26,
hankmoody789,BPFH,Boston Private Financial Holdings Inc,8.17,
hankmoody789,EPAY,Bottomline Technologies Inc,47.3,
hankmoody789,BOXL,Boxlight Corp,1.23,
hankmoody789,BBRX,-,0,No result in autocomplete search
hankmoody789,BCLI,Brainstorm Cell Therapeutics Inc,9.38,
hankmoody789,BWAY,Brainsway Ltd ADR,8.87,
hankmoody789,BCTX,BriaCell Therapeutics Corp,7.73,
hankmoody789,BBI,Brickell Biotech Inc,2.29,
hankmoody789,BDGE,Bridge Bancorp Inc,25.34,
hankmoody789,BBIO,BridgeBio Pharma Inc,30.4,
hankmoody789,BLIN          ,-,0,No result in autocomplete search
hankmoody789,BWB,Bridgewater Bancshares Inc,11.26,
hankmoody789,BRID,Bridgford Foods Corp,20.16,
hankmoody789,BCOV,Brightcove Inc,9.71,
hankmoody789,BHF,Brighthouse Financial Inc,54.79,
hankmoody789,BHFAL,-,0,No result in autocomplete search
hankmoody789,BHFAO,Brighthouse Financial Inc Pref Share,43.27,
hankmoody789,BHFAP,Brighthouse Financial Inc Pref Share,43.97,
hankmoody789,AVGO,Broadcom Inc,310,
hankmoody789,AVGOP,Broadcom Inc Pref Share,1070.82,
hankmoody789,BYFC,Broadway Financial Corp,1.94,
hankmoody789,BWEN,Broadwind Inc,3.75,
hankmoody789,BROG,Brooge Energy Ltd,6.99,
hankmoody789,BROGW,-,0,No result in autocomplete search
hankmoody789,BPY,Brookfield Property Partners LP,19.01,
hankmoody789,BPYPN,Brookfield Property Partners LP Pref Share,31.13,
hankmoody789,BPYPO,Brookfield Property Partners LP Pref Share,34.12,
hankmoody789,BPYPP,Brookfield Property Partners LP Pref Share,34.47,
hankmoody789,BPYU,Brookfield Property REIT Inc,—,
hankmoody789,BPYUP,Brookfield Property REIT Inc Pref Share,29.89,
hankmoody789,BRKL,Brookline Bancorp Inc,11,
hankmoody789,BRKS,Brooks Automation Inc,41.97,
hankmoody789,BRP,BRP Group Inc Class A,13.5,
hankmoody789,DOOO,BRP Inc,35.5,
hankmoody789,BRKR,Bruker Corp,36.19,
hankmoody789,BMTC,Bryn Mawr Bank Corp,30.35,
hankmoody789,BSQR,BSQUARE Corp,2.27,
hankmoody789,BLDR,Builders FirstSource Inc,27.96,
hankmoody789,BNR,Burning Rock Biotech Ltd ADR,18.68,
hankmoody789,BFST,Business First Bancshares Inc,21.05,
hankmoody789,CFFI,C&amp,F Financial Corp,40.85
hankmoody789,CHRW,C.H. Robinson Worldwide Inc,76,
hankmoody789,CABA,Cabaletta Bio Inc Ordinary Shares,10.37,
hankmoody789,CCMP,Cabot Microelectronics Corp,139.71,
hankmoody789,CDNS,Cadence Design Systems Inc,48,
hankmoody789,CDZI,Cadiz Inc,10.16,
hankmoody789,CZR,Caesars Entertainment Corp,5.7,
hankmoody789,CSTE,Caesarstone Ltd,14.47,
hankmoody789,CLBS,Caladrius Biosciences Inc,2.73,
hankmoody789,CHY,-,0,Name field not found
hankmoody789,CHI,-,0,Name field not found
hankmoody789,CCD,-,0,Name field not found
hankmoody789,CHW,-,0,Name field not found
hankmoody789,CGO,-,0,Name field not found
hankmoody789,CPZ,-,0,Name field not found
hankmoody789,CSQ,-,0,Name field not found
hankmoody789,CAMP,CalAmp Corp,12,
hankmoody789,CVGW,Calavo Growers Inc,66.09,
hankmoody789,CALB,California Bancorp,19.53,
hankmoody789,CALA,Calithera Biosciences Inc,6.51,
hankmoody789,CALT,Calliditas Therapeutics AB ADR,18.34,
hankmoody789,CALM,Cal-Maine Foods Inc,43.99,
hankmoody789,CLMT,Calumet Specialty Products Partners LP,4.1,
hankmoody789,CLXT,Calyxt Inc,6.98,
hankmoody789,CMBM,Cambium Networks Corp,10.1,
hankmoody789,CATC,Cambridge Bancorp,62.88,
hankmoody789,CAC,Camden National Corp,37.89,
hankmoody789,CAMT,Camtek Ltd,12.77,
hankmoody789,CAN,Canaan Inc ADR,3.1,
hankmoody789,CSIQ,Canadian Solar Inc,24.73,
hankmoody789,CGIX,Cancer Genetics Inc,6.1,
hankmoody789,CPHC,Canterbury Park Holding Corp,14.85,
hankmoody789,CBNK,Capital Bancorp Inc,13.18,
hankmoody789,CCBG,Capital City Bank Group Inc,23.07,
hankmoody789,CPLP,Capital Product Partners LP,12.19,
hankmoody789,CSWC,Capital Southwest Corp,17.88,
hankmoody789,CSWCL,-,0,No result in autocomplete search
hankmoody789,CPTA,Capitala Finance Corp,4.25,
hankmoody789,CPTAG,-,0,No result in autocomplete search
hankmoody789,CPTAL,-,0,No result in autocomplete search
hankmoody789,CFFN,Capitol Federal Financial Inc,10.9,
hankmoody789,CAPR,Capricor Therapeutics Inc,5.9,
hankmoody789,CSTR,CapStar Financial Holdings Inc,14.87,
hankmoody789,CPST,Capstone Turbine Corp,4.37,
hankmoody789,CARA,Cara Therapeutics Inc,19.68,
hankmoody789,CRDF,Cardiff Oncology Inc,3.17,
hankmoody789,CSII,Cardiovascular Systems Inc,33.63,
hankmoody789,CDLX,Cardlytics Inc,69.78,
hankmoody789,CATM,Cardtronics PLC,28.98,
hankmoody789,CDNA,CareDx Inc,27.23,
hankmoody789,CTRE,CareTrust REIT Inc,25.51,
hankmoody789,CARG,CarGurus Inc Class A,20.92,
hankmoody789,TAST,Carrols Restaurant Group Inc,8.34,
hankmoody789,CARE,Carter Bank &amp, Trust,11.76
hankmoody789,CARV,Carver Bancorp Inc,10.73,
hankmoody789,CASA,Casa Systems Inc,6.41,
hankmoody789,CWST,Casella Waste Systems Inc Class A,43.4,
hankmoody789,CASY,Casey's General Stores Inc,149.67,
hankmoody789,CASI,CASI Pharmaceuticals Inc,3.2,
hankmoody789,CASS,Cass Information Systems Inc,42.15,
hankmoody789,SAVA,Cassava Sciences Inc,3.36,
hankmoody789,CSTL,Castle Biosciences Inc,30.97,
hankmoody789,CTRM,Castor Maritime Inc Ordinary Shares,1.07,
hankmoody789,CATB,Catabasis Pharmaceuticals Inc,9.25,
hankmoody789,CBIO,Catalyst Biosciences Inc,10.3,
hankmoody789,CPRX,Catalyst Pharmaceuticals Inc,5.17,
hankmoody789,CATS,Catasys Inc,25.01,
hankmoody789,CATY,Cathay General Bancorp,30.35,
hankmoody789,CVCO,Cavco Industries Inc,200.31,
hankmoody789,CBFV,CB Financial Services Inc,29.92,
hankmoody789,CBAT,CBAK Energy Technology Inc,1,
hankmoody789,CBMB,CBM Bancorp Inc,13.08,
hankmoody789,CBOE,Cboe Global Markets Inc,93.75,
hankmoody789,CBTX,CBTX Inc,24.59,
hankmoody789,CDK,CDK Global Inc,43.9,
hankmoody789,CDW,CDW Corp,108.75,
hankmoody789,CECE,CECO Environmental Corp,8.07,
hankmoody789,CELC,Celcuity Inc,8.95,
hankmoody789,CLDX,Celldex Therapeutics Inc,12.57,
hankmoody789,APOP,Cellect Biotechnology Ltd ADR,4.57,
hankmoody789,APOPW,-,0,No result in autocomplete search
hankmoody789,CLRB,Cellectar Biosciences Inc,1.35,
hankmoody789,CLRBZ,-,0,No result in autocomplete search
hankmoody789,CLLS,Cellectis SA ADR,21.29,
hankmoody789,CBMG,Cellular Biomedicine Group Inc,12.77,
hankmoody789,CLSN,Celsion Corp,4.58,
hankmoody789,CELH,Celsius Holdings Inc,8.58,
hankmoody789,CYAD,Celyad Oncology ADR,15.07,
hankmoody789,CETX,Cemtrex Inc,3.9,
hankmoody789,CETXP,Cemtrex Inc Pref Share,4.26,
hankmoody789,CETXW,-,0,No result in autocomplete search
hankmoody789,CDEV,Centennial Resource Development Inc A,1.7,
hankmoody789,CNTG,Centogene NV Ordinary Shares,20.8,
hankmoody789,CETV,Central European Media Enterprises Ltd Class A,4.49,
hankmoody789,CFBK,Central Federal Corp,12.91,
hankmoody789,CENT,Central Garden &amp, Pet Co,34.9
hankmoody789,CENTA,Central Garden &amp, Pet Co Class A,32.97
hankmoody789,CVCY,Central Valley Community Bancorp,17.28,
hankmoody789,CNTX,-,0,No result in autocomplete search
hankmoody789,CENX,Century Aluminum Co,9.47,
hankmoody789,CNBKA,Century Bancorp Inc Class A,85.82,
hankmoody789,CNTY,Century Casinos Inc,7.84,
hankmoody789,CRNT,Ceragon Networks Ltd,2.89,
hankmoody789,CERC,Cerecor Inc,2.8,
hankmoody789,CRNC,Cerence Inc Ordinary Shares,46.9,
hankmoody789,CERN,Cerner Corp,78,
hankmoody789,CERS,Cerus Corp,6.41,
hankmoody789,CEVA,CEVA Inc,34.16,
hankmoody789,CFFA,CF Finance Acquisition Corp Class A,9.71,
hankmoody789,CFFAU,,—,
hankmoody789,CFFAW,-,0,No result in autocomplete search
hankmoody789,CSBR,Champions Oncology Inc,10.04,
hankmoody789,CHNG,Change Healthcare Inc,12,
hankmoody789,CHNGU,,—,
hankmoody789,CTHR,Charles &amp, Colvard Ltd,1.27
hankmoody789,GTLS,Chart Industries Inc,55.5,
hankmoody789,CHTR,Charter Communications Inc A,420,
hankmoody789,CHKP,Check Point Software Technologies Ltd,127,
hankmoody789,CHEK,Check-Cap Ltd,0.77,
hankmoody789,CHEKZ,-,0,No result in autocomplete search
hankmoody789,CKPT,Checkpoint Therapeutics Inc,2.36,
hankmoody789,CEMI,Chembio Diagnostics Inc,6.27,
hankmoody789,CCXI,ChemoCentryx Inc,44.03,
hankmoody789,CHMG,Chemung Financial Corp,33.59,
hankmoody789,CHFS,CHF Solutions Inc,0.74,
hankmoody789,CHMA,Chiasma Inc,7.19,
hankmoody789,CSSE,Chicken Soup for the Soul Entertainment Inc Class A,10.89,
hankmoody789,CSSEP,Chicken Soup for the Soul Entertainment Inc Pref Share,31.14,
hankmoody789,PLCE,Children's Place Inc,70.09,
hankmoody789,CMRX,Chimerix Inc,4.02,
hankmoody789,CAAS,China Automotive Systems Inc,3.81,
hankmoody789,CBPO,China Biologic Products Holdings Inc,105.06,
hankmoody789,CCCL,China Ceramics Co Ltd,1.39,
hankmoody789,CCRC,China Customer Relations Centers Inc,7.04,
hankmoody789,JRJC,China Finance Online Co Ltd ADR,10.3,
hankmoody789,HGSH,China HGS Real Estate Inc,1.25,
hankmoody789,CIH,China Index Holdings Ltd ADR,2.9,
hankmoody789,CJJD,China Jo-Jo Drugstores Inc,2.06,
hankmoody789,CLEU,China Liberal Education Holdings Ltd Ordinary Shares,4.7,
hankmoody789,CHNR,China Natural Resources Inc,1.57,
hankmoody789,CREG,China Recycling Energy Corp,3.21,
hankmoody789,SXTC,China SXT Pharmaceuticals Inc Ordinary Shares,0.74,
hankmoody789,CXDC,China XD Plastics Co Ltd,2.46,
hankmoody789,PLIN,China Xiangtai Food Co Ltd Ordinary Shares,2.16,
hankmoody789,CNET,ChinaNet Online Holdings Inc,1.71,
hankmoody789,IMOS,ChipMOS TECHNOLOGIES Inc ADR,24.22,
hankmoody789,COFS,ChoiceOne Financial Services Inc,32.76,
hankmoody789,CHPM,CHP Merger Corp Ordinary Shares - Class A,8.36,
hankmoody789,CHPMU,,—,
hankmoody789,CHPMW,-,0,No result in autocomplete search
hankmoody789,CDXC,ChromaDex Corp,4.89,
hankmoody789,CHSCL,CHS Inc Pref Share,—,
hankmoody789,CHSCM,CHS Inc Pref Share,—,
hankmoody789,CHSCN,CHS Inc Pref Share,—,
hankmoody789,CHSCO,CHS Inc Pref Share,—,
hankmoody789,CHSCP,CHS Inc Pref Share,—,
hankmoody789,CHDN,Churchill Downs Inc,128.5,
hankmoody789,CHUY,Chuy's Holdings Inc,19.95,
hankmoody789,CDTX,Cidara Therapeutics Inc,5.3,
hankmoody789,CIIC,CIIG Merger Corp Ordinary Shares Class A,9.54,
hankmoody789,CIICU,,—,
hankmoody789,CIICW,-,0,No result in autocomplete search
hankmoody789,CMCT,CIM Commercial Trust Corp,13.65,
hankmoody789,CMCTP,CIM Commercial Trust Corp Pref Share,32.19,
hankmoody789,CMPR,Cimpress PLC,91.32,
hankmoody789,CNNB,Cincinnati Bancorp Inc,13.4,
hankmoody789,CINF,Cincinnati Financial Corp,76.02,
hankmoody789,CIDM,Cinedigm Corp Class A,2.98,
hankmoody789,CTAS,Cintas Corp,149,
hankmoody789,CRUS,Cirrus Logic Inc,63.56,
hankmoody789,CSCO,Cisco Systems Inc,48,
hankmoody789,CTRN,Citi Trends Inc,22.6,
hankmoody789,CTXR,Citius Pharmaceuticals Inc,1.26,
hankmoody789,CTXRW,-,0,No result in autocomplete search
hankmoody789,CZNC,Citizens &amp, Northern Corp,22.86
hankmoody789,CZWI,Citizens Community Bancorp Inc,9.78,
hankmoody789,CIZN,Citizens Holding Co,26.75,
hankmoody789,CTXS,Citrix Systems Inc,126,
hankmoody789,CHCO,City Holding Co,63.57,
hankmoody789,CIVB,Civista Bancshares Inc,17.72,
hankmoody789,CLAR,Clarus Corp,11.92,
hankmoody789,CLNE,Clean Energy Fuels Corp,2.94,
hankmoody789,CLSK,Cleanspark Inc,3.96,
hankmoody789,CACG,-,0,Name field not found
hankmoody789,YLDE,-,0,Name field not found
hankmoody789,LRGE,-,0,Name field not found
hankmoody789,CLFD,Clearfield Inc,14.5,
hankmoody789,CLRO,ClearOne Inc,3.21,
hankmoody789,CLPT,ClearPoint Neuro Inc,4.8,
hankmoody789,CLSD,Clearside Biomedical Inc,2.28,
hankmoody789,CLIR,ClearSign Technologies Corp,2.66,
hankmoody789,CBLI,Cleveland BioLabs Inc,1.74,
hankmoody789,CLVS,Clovis Oncology Inc,9.85,
hankmoody789,CLPS,CLPS Inc,3.61,
hankmoody789,CME,CME Group Inc Class A,166,
hankmoody789,CCNE,CNB Financial Corp,22.17,
hankmoody789,CNSP,CNS Pharmaceuticals Inc Ordinary Shares,2.66,
hankmoody789,CCB,Coastal Financial Corp,18.5,
hankmoody789,COKE,Coca-Cola Consolidated Inc,260.6,
hankmoody789,COCP,Cocrystal Pharma Inc,1.96,
hankmoody789,CODA,Coda Octopus Group Inc,6.28,
hankmoody789,CCNC,Code Chain New Continent Ltd,2.42,
hankmoody789,CDXS,Codexis Inc,11.11,
hankmoody789,CODX,Co-Diagnostics Inc Registered Shs,14.81,
hankmoody789,CVLY,Codorus Valley Bancorp Inc,16.91,
hankmoody789,JVA,Coffee Holding Co Inc,4.36,
hankmoody789,CCOI,Cogent Communications Holdings Inc,57,
hankmoody789,CGNX,Cognex Corp,40.01,
hankmoody789,CTSH,Cognizant Technology Solutions Corp A,70,
hankmoody789,CWBR,CohBar Inc,2.44,
hankmoody789,COHR,Coherent Inc,159.12,
hankmoody789,CHRS,Coherus BioSciences Inc,18.16,
hankmoody789,COHU,Cohu Inc,22.13,
hankmoody789,CGROU,,—,
hankmoody789,CLCT,Collectors Universe Inc,24.69,
hankmoody789,COLL,Collegium Pharmaceutical Inc,20.49,
hankmoody789,CIGI,Colliers International Group Inc,67.21,
hankmoody789,CLGN,CollPlant Biotechnologies Ltd ADR,10.19,
hankmoody789,CBAN,Colony Bankcorp Inc,14.45,
hankmoody789,HHT,Color Star Technology Co Ltd,1.33,
hankmoody789,COLB,Columbia Banking System Inc,31.44,
hankmoody789,CLBK,Columbia Financial Inc,12.64,
hankmoody789,COLM,Columbia Sportswear Co,81.13,
hankmoody789,CMCO,Columbus McKinnon Corp,35.83,
hankmoody789,CMCSA,Comcast Corp Class A,47,
hankmoody789,CBSH,Commerce Bancshares Inc,62.64,
hankmoody789,CBSHP,Commerce Bancshares Inc Pref Share,26.51,
hankmoody789,CVGI,Commercial Vehicle Group Inc,4.17,
hankmoody789,COMM,CommScope Holding Co Inc,14.92,
hankmoody789,JCS,Communications Systems Inc,6.48,
hankmoody789,ESXB,Community Bankers Trust Corp,6.53,
hankmoody789,CFBI,Community First Bancshares Inc,11.41,
hankmoody789,CTBI,Community Trust Bancorp Inc,35.47,
hankmoody789,CWBC,Community West Bancshares,9.79,
hankmoody789,CVLT,CommVault Systems Inc,40.65,
hankmoody789,CGEN,Compugen Ltd,13.18,
hankmoody789,CPSI,Computer Programs and Systems Inc,24.8,
hankmoody789,CTG,Computer Task Group Inc,5.24,
hankmoody789,SCOR,comScore Inc,5.37,
hankmoody789,CHCI,Comstock Holding Co Inc,2.93,
hankmoody789,CMTL,Comtech Telecommunications Corp,21.89,
hankmoody789,CNCE,Concert Pharmaceuticals Inc,12.55,
hankmoody789,BBCP,Concrete Pumping Holdings Inc,5.37,
hankmoody789,CDOR,-,0,Name field not found
hankmoody789,CNDT,Conduent Inc,4.61,
hankmoody789,CFMS,Conformis Inc,1.4,
hankmoody789,CNFR,Conifer Holdings Inc,3.62,
hankmoody789,CNFRL,-,0,No result in autocomplete search
hankmoody789,CNMD,Conmed Corp,92.22,
hankmoody789,CNOB,ConnectOne Bancorp Inc,20.95,
hankmoody789,CONN,Conn's Inc,15.67,
hankmoody789,CNSL,Consolidated Communications Holdings Inc,8.03,
hankmoody789,CWCO,Consolidated Water Co Ltd,15.81,
hankmoody789,CNST,Constellation Pharmaceuticals Inc,35.18,
hankmoody789,ROAD,Construction Partners Inc Class A,17.94,
hankmoody789,CPSS,Consumer Portfolio Services Inc,4.09,
hankmoody789,CFRX,ContraFect Corp,6.66,
hankmoody789,CPTI,-,0,No result in autocomplete search
hankmoody789,CPAA,Conyers Park II Acquisition Corp Ordinary Shares Class A,9.42,
hankmoody789,CPAAU,,—,
hankmoody789,CPAAW,-,0,No result in autocomplete search
hankmoody789,CPRT,Copart Inc,73.29,
hankmoody789,CRBP,Corbus Pharmaceuticals Holdings Inc,8.17,
hankmoody789,CORT,Corcept Therapeutics Inc,16.36,
hankmoody789,CORE,Core-Mark Holding Co Inc,—,
hankmoody789,CSOD,Cornerstone OnDemand Inc,48,
hankmoody789,CRTX,Cortexyme Inc,49.49,
hankmoody789,CLDB,Cortland Bancorp,17.11,
hankmoody789,CRVL,CorVel Corp,64.54,
hankmoody789,CRVS,Corvus Pharmaceuticals Inc,4.73,
hankmoody789,CSGP,CoStar Group Inc,612,
hankmoody789,COST,Costco Wholesale Corp,286,
hankmoody789,CPAH,CounterPath Corp,5.04,
hankmoody789,ICBK,County Bancorp Inc,26.44,
hankmoody789,COUP,Coupa Software Inc,129,
hankmoody789,CVTI,Covenant Transportation Group Inc Class A,18.22,
hankmoody789,CVET,Covetrus Inc,26.41,
hankmoody789,COWN,Cowen Inc,20.27,
hankmoody789,COWNL,-,0,No result in autocomplete search
hankmoody789,COWNZ,-,0,No result in autocomplete search
hankmoody789,CPSH,CPS Technologies Corp,1.89,
hankmoody789,CRAI,CRA International Inc,49.11,
hankmoody789,CBRL,Cracker Barrel Old Country Store Inc,132.29,
hankmoody789,BREW,Craft Brew Alliance Inc,17.75,
hankmoody789,CREX,Creative Realities Inc,4.12,
hankmoody789,CREXW,-,0,No result in autocomplete search
hankmoody789,CACC,Credit Acceptance Corp,457.81,
hankmoody789,DGLD,-,0,Name field not found
hankmoody789,DSLV,-,0,Name field not found
hankmoody789,GLDI,-,0,Name field not found
hankmoody789,SLVO,-,0,Name field not found
hankmoody789,TVIX,-,0,Name field not found
hankmoody789,UGLD,-,0,Name field not found
hankmoody789,USLV,-,0,Name field not found
hankmoody789,USOI,-,0,Name field not found
hankmoody789,VIIX,-,0,Name field not found
hankmoody789,ZIV,-,0,Name field not found
hankmoody789,CREE,Cree Inc,60.01,
hankmoody789,CRSA,Crescent Acquisition Corp Class A,9.38,
hankmoody789,CRSAU,,—,
hankmoody789,CRSAW,-,0,No result in autocomplete search
hankmoody789,CCAP,Crescent Capital BDC Inc Ordinary Shares,14.09,
hankmoody789,CRESY,Cresud SACIF y A ADR,4.86,
hankmoody789,CRNX,Crinetics Pharmaceuticals Inc,19.87,
hankmoody789,CRSP,CRISPR Therapeutics AG,55.5,
hankmoody789,CRTO,Criteo SA ADR,18.2,
hankmoody789,CROX,Crocs Inc,35.46,
hankmoody789,CRON,Cronos Group Inc,8.5,
hankmoody789,CCRN,Cross Country Healthcare Inc,8.49,
hankmoody789,CFB,CrossFirst Bankshares Inc Ordinary Shares,12.13,
hankmoody789,CRWD,CrowdStrike Holdings Inc Class A,82,
hankmoody789,CRWS,Crown Crafts Inc,6.15,
hankmoody789,CYRX,CryoPort Inc,23.79,
hankmoody789,CYRXW,-,0,No result in autocomplete search
hankmoody789,CSGS,CSG Systems International Inc,44.06,
hankmoody789,CCLP,CSI Compressco LP,1.71,
hankmoody789,CSPI,CSP Inc,13,
hankmoody789,CSWI,CSW Industrials Inc,63.24,
hankmoody789,CSX,CSX Corp,70,
hankmoody789,CTIC,CTI BioPharma Corp,1.58,
hankmoody789,CUE,Cue Biopharma Inc Ordinary Shares,25.73,
hankmoody789,CPIX,Cumberland Pharmaceuticals Inc,4.35,
hankmoody789,CMLS,Cumulus Media Inc Class A,12.8,
hankmoody789,CRIS,Curis Inc,1.59,
hankmoody789,CUTR,Cutera Inc,18.98,
hankmoody789,CVBF,CVB Financial Corp,18.73,
hankmoody789,CVV,CVD Equipment Corp,4.79,
hankmoody789,CYAN,Cyanotech Corp,3.22,
hankmoody789,CYBR,CyberArk Software Ltd,91.28,
hankmoody789,CYBE,CyberOptics Corp,35.37,
hankmoody789,CYCC,Cyclacel Pharmaceuticals Inc,6.45,
hankmoody789,CYCCP,Cyclacel Pharmaceuticals Inc Pref Share,8.22,
hankmoody789,CYCN,Cyclerion Therapeutics Inc Ordinary Shares,6.99,
hankmoody789,CBAY,CymaBay Therapeutics Inc,5.58,
hankmoody789,CYRN,CYREN Ltd,2,
hankmoody789,CONE,CyrusOne Inc,60,
hankmoody789,CYTK,Cytokinetics Inc,22.04,
hankmoody789,CTMX,CytomX Therapeutics Inc,10.96,
hankmoody789,CTSO,CytoSorbents Corp,8.75,
hankmoody789,DADA,Dada Nexus Ltd ADR,19.87,
hankmoody789,DJCO,Daily Journal Corp,297.05,
hankmoody789,DAKT,Daktronics Inc,5.5,
hankmoody789,DARE,Dare Bioscience Inc,1.12,
hankmoody789,DRIO,DarioHealth Corp,10,
hankmoody789,DRIOW,-,0,No result in autocomplete search
hankmoody789,DZSI,DASAN Zhone Solutions Inc,12.96,
hankmoody789,DSKE,Daseke Inc,5.22,
hankmoody789,DSKEW,-,0,No result in autocomplete search
hankmoody789,DAIO,Data I/O Corp,4.2,
hankmoody789,DDOG,Datadog Inc Class A,44.8,
hankmoody789,DTSS,Datasea Inc,2.09,
hankmoody789,PLAY,Dave &amp, Buster's Entertainment Inc,22.77
hankmoody789,DTEA,DAVIDsTEA Inc,1.92,
hankmoody789,DFNL,-,0,Name field not found
hankmoody789,DINT,-,0,Name field not found
hankmoody789,DUSA,-,0,Name field not found
hankmoody789,DWLD,-,0,Name field not found
hankmoody789,DWSN,Dawson Geophysical Co,2.68,
hankmoody789,DBVT,DBV Technologies SA ADR,7.19,
hankmoody789,DCPH,Deciphera Pharmaceuticals Inc,63.59,
hankmoody789,TACO,Del Taco Restaurants Inc,10.58,
hankmoody789,TACOW,-,0,No result in autocomplete search
hankmoody789,DCTH,Delcath Systems Inc,13.2,
hankmoody789,DBCP,Delmar Bancorp,8.27,
hankmoody789,DMPI,DelMar Pharmaceuticals Inc,1.28,
hankmoody789,DNLI,Denali Therapeutics Inc,26.25,
hankmoody789,DENN,Denny's Corp,14.83,
hankmoody789,XRAY,Dentsply Sirona Inc,40,
hankmoody789,DRMT,-,0,No result in autocomplete search
hankmoody789,DMTK,DermTech Inc,18.07,
hankmoody789,DXLG,Destination XL Group Inc,1.09,
hankmoody789,DSWL,Deswell Industries Inc,3.31,
hankmoody789,DXCM,DexCom Inc,185,
hankmoody789,DFPH,DFP Healthcare Acquisitions Corp Ordinary Shares,9.51,
hankmoody789,DFPHU,,—,
hankmoody789,DFPHW,-,0,No result in autocomplete search
hankmoody789,DMAC,DiaMedica Therapeutics Inc,6.36,
hankmoody789,DHIL,Diamond Hill Investment Group Inc Class A,115.27,
hankmoody789,FANG,Diamondback Energy Inc,87,
hankmoody789,DPHC,DiamondPeak Holdings Corp Class A,9.38,
hankmoody789,DPHCU,,—,
hankmoody789,DPHCW,-,0,No result in autocomplete search
hankmoody789,DRNA,Dicerna Pharmaceuticals Inc,22.33,
hankmoody789,DFFN,Diffusion Pharmaceuticals Inc,1.27,
hankmoody789,DGII,Digi International Inc,14.29,
hankmoody789,DMRC,Digimarc Corp,22.6,
hankmoody789,DRAD,Digirad Corp,4.62,
hankmoody789,DRADP,Digirad Corp Pref Share,12.62,
hankmoody789,DGLY,Digital Ally Inc,5.31,
hankmoody789,APPS,Digital Turbine Inc,8.32,
hankmoody789,DCOM,Dime Community Bancshares Inc,15.64,
hankmoody789,DCOMP,Dime Community Bancshares Inc Pref Share,23.59,
hankmoody789,DIOD,Diodes Inc,51.89,
hankmoody789,DRTT,Dirtt Environmental Solutions Ltd,2.23,
hankmoody789,DISCA,Discovery Inc Class A,30,
hankmoody789,DISCB,Discovery Inc Class B,52.42,
hankmoody789,DISCK,Discovery Inc C,30,
hankmoody789,DISH,DISH Network Corp Class A,35,
hankmoody789,DHC,Diversified Healthcare Trust,7.13,
hankmoody789,DHCNI,-,0,No result in autocomplete search
hankmoody789,DHCNL,-,0,No result in autocomplete search
hankmoody789,DLHC,DLH Holdings Corp,8.79,
hankmoody789,BOOM,DMC Global Inc,36.07,
hankmoody789,DOCU,DocuSign Inc,102,
hankmoody789,DOGZ,Dogness (International) Corp,2.37,
hankmoody789,DLTR,Dollar Tree Inc,85,
hankmoody789,DLPN,Dolphin Entertainment Inc,1.32,
hankmoody789,DLPNW,-,0,No result in autocomplete search
hankmoody789,DOMO,Domo Inc,40.53,
hankmoody789,DGICA,Donegal Group Inc Class A,14.3,
hankmoody789,DGICB,Donegal Group Inc Class B,12.53,
hankmoody789,DMLP,Dorchester Minerals LP,11.85,
hankmoody789,DORM,Dorman Products Inc,70.06,
hankmoody789,DOYU,DouYu International Holdings Ltd ADR,10.55,
hankmoody789,DKNG,DraftKings Inc Class A,44.43,
hankmoody789,DKNGW,-,0,No result in autocomplete search
hankmoody789,LYL,Dragon Victory International Ltd Ordinary Shares,2.29,
hankmoody789,DBX,Dropbox Inc Class A,13,
hankmoody789,DSPG,DSP Group Inc,17.64,
hankmoody789,DLTH,Duluth Holdings Inc B,9.28,
hankmoody789,DNKN,Dunkin' Brands Group Inc,72,
hankmoody789,DUOT,Duos Technologies Group Inc,6.42,
hankmoody789,DRRX,Durect Corp,2.11,
hankmoody789,DXPE,DXP Enterprises Inc,25.84,
hankmoody789,DYAI,Dyadic International Inc,8.5,
hankmoody789,DYNT,Dynatronics Corp,1.25,
hankmoody789,DVAX,Dynavax Technologies Corp,7.72,
hankmoody789,ETFC,E*TRADE Financial Corp,49.5,
hankmoody789,SSP,The E W Scripps Co Class A,12.67,
hankmoody789,EBMT,Eagle Bancorp Montana Inc,21.17,
hankmoody789,EGBN,Eagle Bancorp Inc,35.79,
hankmoody789,EGLE,Eagle Bulk Shipping Inc,3.43,
hankmoody789,EGRX,Eagle Pharmaceuticals Inc,46.64,
hankmoody789,IGLE,-,0,No result in autocomplete search
hankmoody789,ESSC,East Stone Acquisition Corp Ordinary Shares,9.71,
hankmoody789,ESSCR,-,0,No result in autocomplete search
hankmoody789,ESSCU,,—,
hankmoody789,ESSCW,-,0,No result in autocomplete search
hankmoody789,EWBC,East West Bancorp Inc,43.4,
hankmoody789,EML,The Eastern Co,21.85,
hankmoody789,EAST,Eastside Distilling Inc,2.36,
hankmoody789,EVGBC,-,0,Name field not found
hankmoody789,EVSTC,-,0,Name field not found
hankmoody789,EVLMC,-,0,Name field not found
hankmoody789,EBAY,eBay Inc,46,
hankmoody789,EBAYL,eBay Inc Pref Share,25.38,
hankmoody789,EBIX,Ebix Inc,32.14,
hankmoody789,ECHO,Echo Global Logistics Inc,20,
hankmoody789,SATS,EchoStar Corp,35.53,
hankmoody789,MOHO,ECMOHO Ltd ADR,3.73,
hankmoody789,EDAP,Edap TMS SA ADR,3.69,
hankmoody789,EDSA,Edesa Biotech Inc,6.11,
hankmoody789,EDNT,Edison Nation Inc,3.65,
hankmoody789,EDIT,Editas Medicine Inc,29.7,
hankmoody789,EDUC,Educational Development Corp,9.91,
hankmoody789,EGAN,eGain Corp,8.8,
hankmoody789,EH,EHang Holdings Ltd ADR,10.1,
hankmoody789,EHTH,eHealth Inc,105.26,
hankmoody789,EIDX,Eidos Therapeutics Inc,43.35,
hankmoody789,EIGR,Eiger BioPharmaceuticals Inc,11.88,
hankmoody789,EKSO,Ekso Bionics Holdings Inc,5.36,
hankmoody789,LOCO,El Pollo Loco Holdings Inc,18.17,
hankmoody789,ESLT,Elbit Systems Ltd,138.99,
hankmoody789,ERI,Eldorado Resorts Inc,53.98,
hankmoody789,SOLO,Electrameccanica Vehicles Corp Ltd,2,
hankmoody789,SOLOW,-,0,No result in autocomplete search
hankmoody789,ECOR,electroCore Inc,1.51,
hankmoody789,EA,Electronic Arts Inc,118,
hankmoody789,ELSE,Electro-Sensors Inc,4.57,
hankmoody789,ESBK,Elmira Savings Bank Elmira NY,14.49,
hankmoody789,ELOX,Eloxx Pharmaceuticals Inc,3.65,
hankmoody789,ELTK,Eltek Ltd,5.33,
hankmoody789,EMCF,Emclaire Financial Corp,29.78,
hankmoody789,EMKR,EMCORE Corp,4.96,
hankmoody789,ENTA,Enanta Pharmaceuticals Inc,54.11,
hankmoody789,ECPG,Encore Capital Group Inc,45.04,
hankmoody789,WIRE,Encore Wire Corp,48.2,
hankmoody789,ENDP,Endo International PLC,—,
hankmoody789,ELGX,Endologix Inc,1.93,
hankmoody789,NDRA,ENDRA Life Sciences Inc Registered Shs,1.26,
hankmoody789,NDRAW,-,0,No result in autocomplete search
hankmoody789,EIGI,Endurance International Group Holdings Inc,5.03,
hankmoody789,WATT,Energous Corp,3.09,
hankmoody789,EFOI,Energy Focus Inc,9.96,
hankmoody789,EHR,-,0,No result in autocomplete search
hankmoody789,ERII,Energy Recovery Inc,8.56,
hankmoody789,ENG,ENGlobal Corp,1.33,
hankmoody789,ENLV,Enlivex Therapeutics Ltd,8.19,
hankmoody789,ENOB,Enochian BioSciences Inc,5.05,
hankmoody789,ENPH,Enphase Energy Inc,32.61,
hankmoody789,ESGR,Enstar Group Ltd,178.34,
hankmoody789,ESGRO,Enstar Group Ltd Pref Share,28.44,
hankmoody789,ESGRP,Enstar Group Ltd Pref Share,28.26,
hankmoody789,ETTX,Entasis Therapeutics Holdings Inc,4.58,
hankmoody789,ENTG,Entegris Inc,52.61,
hankmoody789,ENTX,Entera Bio Ltd,2.26,
hankmoody789,ENTXW,-,0,No result in autocomplete search
hankmoody789,EBTC,Enterprise Bancorp Inc,26.33,
hankmoody789,EFSC,Enterprise Financial Services Corp,35.78,
hankmoody789,EVSI,Envision Solar International Inc,8.05,
hankmoody789,EVSIW,-,0,No result in autocomplete search
hankmoody789,EPZM,Epizyme Inc,19.32,
hankmoody789,PLUS,ePlus Inc,81.39,
hankmoody789,EPSN,Epsilon Energy Ltd,3.72,
hankmoody789,EQ,Equillium Inc,3.8,
hankmoody789,EQIX,Equinix Inc,475,
hankmoody789,EQBK,Equity Bancshares Inc A,21.82,
hankmoody789,ERIC,Telefonaktiebolaget L M Ericsson ADR Class B,9,
hankmoody789,ERIE,Erie Indemnity Co Class A,147.19,
hankmoody789,ERYP,Erytech Pharma SA ADR,11.9,
hankmoody789,ESCA,Escalade Inc,14.72,
hankmoody789,ESPR,Esperion Therapeutics Inc,47.95,
hankmoody789,GMBL,Esports Entertainment Group Inc,7.34,
hankmoody789,GMBLW,-,0,No result in autocomplete search
hankmoody789,ESQ,Esquire Financial Holdings Inc,21.25,
hankmoody789,ESSA,ESSA Bancorp Inc,16.59,
hankmoody789,EPIX,ESSA Pharma Inc,5.66,
hankmoody789,ESTA,Establishment Labs Holdings Inc,25.37,
hankmoody789,VBND,-,0,Name field not found
hankmoody789,VUSE,-,0,Name field not found
hankmoody789,VIDI,-,0,Name field not found
hankmoody789,ETON,Eton Pharmaceuticals Inc,6.01,
hankmoody789,ETSY,Etsy Inc,59.76,
hankmoody789,CLWT,Euro Tech Holdings Co Ltd,4.12,
hankmoody789,EDRY,EuroDry Ltd Ordinary Shares,7.2,
hankmoody789,EEFT,Euronet Worldwide Inc,110.28,
hankmoody789,ESEA,Euroseas Ltd,4.67,
hankmoody789,EVLO,Evelo Biosciences Inc,4.42,
hankmoody789,EVBG,Everbridge Inc,94.36,
hankmoody789,EVK,Ever-Glory International Group Inc,1.98,
hankmoody789,EVER,EverQuote Inc,50.23,
hankmoody789,MRAM,Everspin Technologies Inc,9.2,
hankmoody789,EVOP,EVO Payments Inc,27.32,
hankmoody789,EVFM,Evofem Biosciences Inc,2.99,
hankmoody789,EVGN,Evogene Ltd,1.37,
hankmoody789,EVOK,Evoke Pharma Inc,2.29,
hankmoody789,EOLS,-,0,No result in autocomplete search
hankmoody789,EVOL,Evolus Inc,8.47,
hankmoody789,EXAS,Exact Sciences Corp,96.87,
hankmoody789,XGN,Exagen Inc Ordinary Shares,17.88,
hankmoody789,ROBO,-,0,Name field not found
hankmoody789,XELA,Exela Technologies Inc,0.8,
hankmoody789,EXEL,Exelixis Inc,23.5,
hankmoody789,EXC,Exelon Corp,41,
hankmoody789,EXFO,EXFO Inc,3.86,
hankmoody789,XCUR,Exicure Inc,3.75,
hankmoody789,EXLS,ExlService Holdings Inc,66.05,
hankmoody789,EXPI,eXp World Holdings Inc,13.51,
hankmoody789,EXPE,Expedia Group Inc,138,
hankmoody789,EXPD,Expeditors International of Washington Inc,63,
hankmoody789,EXPC,Experience Investment Corp Ordinary Shares Class A,8.21,
hankmoody789,EXPCU,,—,
hankmoody789,EXPCW,-,0,No result in autocomplete search
hankmoody789,EXPO,Exponent Inc,62.55,
hankmoody789,STAY,Extended Stay America Inc,15.35,
hankmoody789,XOG,Extraction Oil &amp, Gas Inc,0.81
hankmoody789,EXTR,Extreme Networks Inc,6.56,
hankmoody789,EYEG,Eyegate Pharmaceuticals Inc,6.65,
hankmoody789,EYEGW,-,0,No result in autocomplete search
hankmoody789,EYEN,Eyenovia Inc,3.62,
hankmoody789,EYPT,EyePoint Pharmaceuticals Inc,1.28,
hankmoody789,EZPW,EZCORP Inc,7.65,
hankmoody789,FLRZ,F5 Finishes Inc Ordinary Shares,0,Fair value not available
hankmoody789,FFIV,F5 Networks Inc,175,
hankmoody789,FB,Facebook Inc A,215,
hankmoody789,FLMN,Falcon Minerals Corp Class A,4.25,
hankmoody789,FLMNW,-,0,No result in autocomplete search
hankmoody789,DUO,Fangdd Network Group Ltd ADR,15.07,
hankmoody789,FANH,Fanhua Inc ADR,20.12,
hankmoody789,FARM,Farmer Bros Co,11.5,
hankmoody789,FMAO,Farmers &amp, Merchants Bancorp Inc,25.33
hankmoody789,FMNB,Farmers National Banc Corp,12.74,
hankmoody789,FAMI,Farmmi Inc Ordinary Shares,1.39,
hankmoody789,FARO,Faro Technologies Inc,59.28,
hankmoody789,FAST,Fastenal Co,33,
hankmoody789,FAT,FAT Brands Inc,4.83,
hankmoody789,FATE,Fate Therapeutics Inc,27.53,
hankmoody789,FBSS,Fauquier Bankshares Inc,17.5,
hankmoody789,FNHC,FedNat Holding Co,12.96,
hankmoody789,FENC,Fennec Pharmaceuticals Inc,8.6,
hankmoody789,GSM,Ferroglobe PLC,1.12,
hankmoody789,FFBW,FFBW Inc Ordinary Shares,10.01,
hankmoody789,FGEN,FibroGen Inc,36.13,
hankmoody789,FDBC,Fidelity D &amp, D Bancorp Inc,57.03
hankmoody789,ONEQ,-,0,Name field not found
hankmoody789,FDUS,Fidus Investment Corp,11.73,
hankmoody789,FDUSG,-,0,No result in autocomplete search
hankmoody789,FDUSL,-,0,No result in autocomplete search
hankmoody789,FDUSZ,-,0,No result in autocomplete search
hankmoody789,FRGI,Fiesta Restaurant Group Inc,10.07,
hankmoody789,FITB,Fifth Third Bancorp,32,
hankmoody789,FITBI,Fifth Third Bancorp Pref Share,37.23,
hankmoody789,FITBO,Fifth Third Bancorp Pref Share,34.47,
hankmoody789,FITBP,Fifth Third Bancorp Pref Share,36.03,
hankmoody789,FISI,Financial Institutions Inc,22.61,
hankmoody789,FNJN,Finjan Holdings Inc,2.25,
hankmoody789,FSRV,FinServ Acquisition Corp Class A,8.32,
hankmoody789,FSRVU,,—,
hankmoody789,FSRVW,-,0,No result in autocomplete search
hankmoody789,FTAC,FinTech Acquisition Corp III,9.75,
hankmoody789,FTACU,,—,
hankmoody789,FTACW,-,0,No result in autocomplete search
hankmoody789,FEYE,FireEye Inc,14,
hankmoody789,FBNC,First Bancorp,28.06,
hankmoody789,FNLC,First Bancorp Inc,22.69,
hankmoody789,FRBA,First Bank,7.81,
hankmoody789,BUSE,First Busey Corp,19.59,
hankmoody789,FBIZ,First Business Financial Services Inc,20.42,
hankmoody789,FCAP,First Capital Inc,75.36,
hankmoody789,FCBP,First Choice Bancorp,19.54,
hankmoody789,FCNCA,First Citizens BancShares Inc Class A,447.9,
hankmoody789,FCNCP,First Citizens BancShares Inc Pref Share,26.86,
hankmoody789,FCBC,First Community Bankshares Inc,23.54,
hankmoody789,FCCO,First Community Corp,16.84,
hankmoody789,FDEF,First Defiance Financial Corp,24.31,
hankmoody789,FFBC,First Financial Bancorp,16.68,
hankmoody789,FFIN,First Financial Bankshares Inc,29.77,
hankmoody789,THFF,First Financial Corp,38.54,
hankmoody789,FFNW,First Financial Northwest Inc,11.19,
hankmoody789,FFWM,First Foundation Inc,18.06,
hankmoody789,FGBI,First Guaranty Bancshares Inc,15.21,
hankmoody789,FHB,First Hawaiian Inc,21.49,
hankmoody789,INBK,First Internet Bancorp,22.79,
hankmoody789,INBKL,-,0,No result in autocomplete search
hankmoody789,INBKZ,-,0,No result in autocomplete search
hankmoody789,FIBK,First Interstate BancSystem Inc,33.27,
hankmoody789,FRME,First Merchants Corp,29.75,
hankmoody789,FMBH,First Mid Bancshares Inc,28.97,
hankmoody789,FMBI,First Midwest Bancorp Inc,16.29,
hankmoody789,FMBIP,First Midwest Bancorp Inc Pref Share,29.4,
hankmoody789,FXNC,First National Corp,16.78,
hankmoody789,FNWB,First Northwest Bancorp,16.82,
hankmoody789,FSFG,First Savings Financial Group Inc,62.25,
hankmoody789,FSEA,First Seacoast Bancorp,8.24,
hankmoody789,FSLR,First Solar Inc,59,
hankmoody789,FAAR,-,0,Name field not found
hankmoody789,FPA,-,0,Name field not found
hankmoody789,BICK,-,0,Name field not found
hankmoody789,FBZ,-,0,Name field not found
hankmoody789,FTHI,-,0,Name field not found
hankmoody789,FCAL,-,0,Name field not found
hankmoody789,FCAN,-,0,Name field not found
hankmoody789,FTCS,-,0,Name field not found
hankmoody789,FCEF,-,0,Name field not found
hankmoody789,FCA,-,0,Name field not found
hankmoody789,SKYY,-,0,Name field not found
hankmoody789,RNDM,-,0,Name field not found
hankmoody789,FDT,-,0,Name field not found
hankmoody789,FDTS,-,0,Name field not found
hankmoody789,FVC,-,0,Name field not found
hankmoody789,FV,-,0,Name field not found
hankmoody789,IFV,-,0,Name field not found
hankmoody789,DDIV,-,0,Name field not found
hankmoody789,DVOL,-,0,Name field not found
hankmoody789,DVLU,-,0,Name field not found
hankmoody789,DWPP,-,0,Name field not found
hankmoody789,DALI,-,0,Name field not found
hankmoody789,FDNI,-,0,Name field not found
hankmoody789,FEM,-,0,Name field not found
hankmoody789,RNEM,-,0,Name field not found
hankmoody789,FEMB,-,0,Name field not found
hankmoody789,FEMS,-,0,Name field not found
hankmoody789,FTSM,-,0,Name field not found
hankmoody789,FEP,-,0,Name field not found
hankmoody789,FEUZ,-,0,Name field not found
hankmoody789,FGM,-,0,Name field not found
hankmoody789,FTGC,-,0,Name field not found
hankmoody789,FTLB,-,0,Name field not found
hankmoody789,HYLS,-,0,Name field not found
hankmoody789,FHK,-,0,Name field not found
hankmoody789,NFTY,-,0,Name field not found
hankmoody789,FTAG,-,0,Name field not found
hankmoody789,FTRI,-,0,Name field not found
hankmoody789,LEGR,-,0,Name field not found
hankmoody789,NXTG,-,0,Name field not found
hankmoody789,FPXI,-,0,Name field not found
hankmoody789,FPXE,-,0,Name field not found
hankmoody789,FJP,-,0,Name field not found
hankmoody789,FEX,-,0,Name field not found
hankmoody789,FTC,-,0,Name field not found
hankmoody789,RNLC,-,0,Name field not found
hankmoody789,FTA,-,0,Name field not found
hankmoody789,FLN,-,0,Name field not found
hankmoody789,LMBS,-,0,Name field not found
hankmoody789,LDSF,-,0,Name field not found
hankmoody789,FMB,-,0,Name field not found
hankmoody789,FMK,-,0,Name field not found
hankmoody789,FNX,-,0,Name field not found
hankmoody789,FNY,-,0,Name field not found
hankmoody789,RNMC,-,0,Name field not found
hankmoody789,FNK,-,0,Name field not found
hankmoody789,FAD,-,0,Name field not found
hankmoody789,FAB,-,0,Name field not found
hankmoody789,MDIV,-,0,Name field not found
hankmoody789,MCEF,-,0,Name field not found
hankmoody789,FMHI,-,0,Name field not found
hankmoody789,QABA,-,0,Name field not found
hankmoody789,ROBT,-,0,Name field not found
hankmoody789,FTXO,-,0,Name field not found
hankmoody789,QCLN,-,0,Name field not found
hankmoody789,GRID,-,0,Name field not found
hankmoody789,CIBR,-,0,Name field not found
hankmoody789,FTXG,-,0,Name field not found
hankmoody789,CARZ,-,0,Name field not found
hankmoody789,FTXN,-,0,Name field not found
hankmoody789,FTXH,-,0,Name field not found
hankmoody789,FTXD,-,0,Name field not found
hankmoody789,FTXL,-,0,Name field not found
hankmoody789,TDIV,-,0,Name field not found
hankmoody789,FTXR,-,0,Name field not found
hankmoody789,QQEW,-,0,Name field not found
hankmoody789,QQXT,-,0,Name field not found
hankmoody789,QTEC,-,0,Name field not found
hankmoody789,AIRR,-,0,Name field not found
hankmoody789,RDVY,-,0,Name field not found
hankmoody789,RFAP,-,0,Name field not found
hankmoody789,RFDI,-,0,Name field not found
hankmoody789,RFEM,-,0,Name field not found
hankmoody789,RFEU,-,0,Name field not found
hankmoody789,FID,-,0,Name field not found
hankmoody789,FTSL,-,0,Name field not found
hankmoody789,FYX,-,0,Name field not found
hankmoody789,FYC,-,0,Name field not found
hankmoody789,RNSC,-,0,Name field not found
hankmoody789,FYT,-,0,Name field not found
hankmoody789,SDVY,-,0,Name field not found
hankmoody789,FKO,-,0,Name field not found
hankmoody789,FCVT,-,0,Name field not found
hankmoody789,FDIV,-,0,Name field not found
hankmoody789,FSZ,-,0,Name field not found
hankmoody789,FIXD,-,0,Name field not found
hankmoody789,TUSA,-,0,Name field not found
hankmoody789,FKU,-,0,Name field not found
hankmoody789,RNDV,-,0,Name field not found
hankmoody789,FUNC,First United Corp,18.31,
hankmoody789,FUSB,First US Bancshares Inc,8.67,
hankmoody789,MYFW,First Western Financial Inc,17.58,
hankmoody789,FCFS,FirstCash Inc,67.17,
hankmoody789,SVVC,Firsthand Technology Value Fund Inc,5.55,
hankmoody789,FSV,FirstService Corp,108.32,
hankmoody789,FISV,Fiserv Inc,89,
hankmoody789,FIVE,Five Below Inc,90,
hankmoody789,FPRX,Five Prime Therapeutics Inc,6.74,
hankmoody789,FVE,Five Star Senior Living Inc,5.88,
hankmoody789,FIVN,Five9 Inc,49,
hankmoody789,FLEX,Flex Ltd,13.04,
hankmoody789,FLXN,Flexion Therapeutics Inc,18.17,
hankmoody789,SKOR,-,0,Name field not found
hankmoody789,MBSD,-,0,Name field not found
hankmoody789,ASET,-,0,Name field not found
hankmoody789,ESG,-,0,Name field not found
hankmoody789,ESGG,-,0,Name field not found
hankmoody789,LKOR,-,0,Name field not found
hankmoody789,QLC,-,0,Name field not found
hankmoody789,FPAY,FlexShopper Inc,2.38,
hankmoody789,FLXS,Flexsteel Industries Inc,19.8,
hankmoody789,FLIR,FLIR Systems Inc,45.33,
hankmoody789,FLWR,-,0,No result in autocomplete search
hankmoody789,FLNT,Fluent Inc,3.03,
hankmoody789,FLDM,Fluidigm Corp,6.12,
hankmoody789,FFIC,Flushing Financial Corp,14.64,
hankmoody789,FLUX,Flux Power Holdings Inc,10.39,
hankmoody789,FNCB,FNCB Bancorp Inc,7.32,
hankmoody789,FOCS,Focus Financial Partners Inc Class A,34.08,
hankmoody789,FONR,Fonar Corp,30.49,
hankmoody789,FSCT,ForeScout Technologies Inc,24.72,
hankmoody789,FRSX,Foresight Autonomous Holdings Ltd ADR,1.28,
hankmoody789,FORM,FormFactor Inc,28.94,
hankmoody789,FORTY,Formula Systems (1985) Ltd ADR,92.42,
hankmoody789,FORR,Forrester Research Inc,36.14,
hankmoody789,FRTA,Forterra Inc,13.43,
hankmoody789,FTNT,Fortinet Inc,117,
hankmoody789,FBIO,Fortress Biotech Inc,3.79,
hankmoody789,FBIOP,Fortress Biotech Inc Pref Share,24.95,
hankmoody789,FMCI,Forum Merger II Corp Class A,16.21,
hankmoody789,FMCIU,,—,
hankmoody789,FMCIW,-,0,No result in autocomplete search
hankmoody789,FWRD,Forward Air Corp,51.89,
hankmoody789,FORD,Forward Industries Inc,1.86,
hankmoody789,FWP,Forward Pharma A/S ADR,9.02,
hankmoody789,FOSL,Fossil Group Inc,7.95,
hankmoody789,FOX,Fox Corp Class B,39,
hankmoody789,FOXA,Fox Corp Class A,39,
hankmoody789,FOXF,Fox Factory Holding Corp,67.75,
hankmoody789,FRAN,Francescas Holdings Corp,8.8,
hankmoody789,FRG,Franchise Group Inc Class A,23.6,
hankmoody789,FELE,Franklin Electric Co Inc,48.92,
hankmoody789,FRAF,Franklin Financial Services Corp,29.35,
hankmoody789,FRHC,Freedom Holding Corp,15.39,
hankmoody789,RAIL,FreightCar America Inc,3.08,
hankmoody789,FEIM,Frequency Electronics Inc,11.51,
hankmoody789,FREQ,Frequency Therapeutics Inc,21.72,
hankmoody789,FRPT,Freshpet Inc,67.68,
hankmoody789,FTDR,Frontdoor Inc,40.89,
hankmoody789,FRPH,FRP Holdings Inc,43,
hankmoody789,FSBW,FS Bancorp Inc,47.44,
hankmoody789,HUGE,FSD Pharma Inc Class B,6.54,
hankmoody789,FTEK,Fuel Tech Inc,1.37,
hankmoody789,FCEL,FuelCell Energy Inc,2.9,
hankmoody789,FULC,Fulcrum Therapeutics Inc,21.58,
hankmoody789,FLGT,Fulgent Genetics Inc,19.68,
hankmoody789,FORK,Fuling Global Inc,3.03,
hankmoody789,FLL,Full House Resorts Inc,2.6,
hankmoody789,FMAX,-,0,No result in autocomplete search
hankmoody789,FULT,Fulton Financial Corp,12.28,
hankmoody789,FNKO,Funko Inc Class A,7.97,
hankmoody789,FUTU,Futu Holdings Ltd ADR,16.04,
hankmoody789,FTFT,Future FinTech Group Inc,1.06,
hankmoody789,FFHL,,0,Fair value not available
hankmoody789,FVCB,FVCBankcorp Inc,12.65,
hankmoody789,WILC,G. Willi-Food International Ltd,17.76,
hankmoody789,GTHX,G1 Therapeutics Inc,26.71,
hankmoody789,GAIA,Gaia Inc Class A,10.21,
hankmoody789,GLPG,Galapagos NV ADR,190.86,
hankmoody789,GALT,Galectin Therapeutics Inc,3.26,
hankmoody789,GRTX,Galera Therapeutics Inc Ordinary Shares,10.39,
hankmoody789,GLMD,Galmed Pharmaceuticals Ltd,6.76,
hankmoody789,GMDA,Gamida Cell Ltd,4.67,
hankmoody789,GLPI,Gaming and Leisure Properties Inc,47.71,
hankmoody789,GAN,GAN Ltd Ordinary Shares,17.14,
hankmoody789,GRMN,Garmin Ltd,81,
hankmoody789,GARS,Garrison Capital Inc,4.05,
hankmoody789,GLIBA,GCI Liberty Inc A,75.74,
hankmoody789,GLIBP,GCI Liberty Inc Pref Share,28.11,
hankmoody789,GDS,GDS Holdings Ltd ADR,56.8,
hankmoody789,GNSS,Genasys Inc,5.44,
hankmoody789,GENC,Gencor Industries Inc,13.6,
hankmoody789,GFN,General Finance Corp,7.09,
hankmoody789,GFNCP,General Finance Corp Pref Share,118.34,
hankmoody789,GFNSL,-,0,No result in autocomplete search
hankmoody789,GBIO,Generation Bio Co Ordinary Shares,22.28,
hankmoody789,GENE,Genetic Technologies Ltd ADR,2.22,
hankmoody789,GNFT,Genfit SA ADR,9.35,
hankmoody789,GNUS,Genius Brands International Inc,3.4,
hankmoody789,GMAB,Genmab A/S ADR,24.22,
hankmoody789,GNMK,GenMark Diagnostics Inc,12.68,
hankmoody789,GNCA,Genocea Biosciences Inc,2.49,
hankmoody789,GNPX,Genprex Inc,3.53,
hankmoody789,GNTX,Gentex Corp,25,
hankmoody789,THRM,Gentherm Inc,40.3,
hankmoody789,GEOS,Geospace Technologies Corp,10.88,
hankmoody789,GABC,German American Bancorp,30.25,
hankmoody789,GERN,Geron Corp,2.05,
hankmoody789,GEVO,Gevo Inc,2,
hankmoody789,ROCK,Gibraltar Industries Inc,49.31,
hankmoody789,GIGM,GigaMedia Ltd,4.09,
hankmoody789,GIII,G-III Apparel Group Ltd,19.18,
hankmoody789,GILT,Gilat Satellite Networks Ltd,7.45,
hankmoody789,GILD,Gilead Sciences Inc,83,
hankmoody789,GBCI,Glacier Bancorp Inc,37.33,
hankmoody789,GLAD,Gladstone Capital Corp,8.42,
hankmoody789,GLADD,-,0,No result in autocomplete search
hankmoody789,GLADL,-,0,No result in autocomplete search
hankmoody789,GOOD,Gladstone Commercial Corp,24.75,
hankmoody789,GOODM,Gladstone Commercial Corp Pref Share,32.04,
hankmoody789,GOODN,Gladstone Commercial Corp Pref Share,30.61,
hankmoody789,GAIN,Gladstone Investment Corp,12.63,
hankmoody789,GAINL,Gladstone Investment Corp Pref Share,28.7,
hankmoody789,GAINM,Gladstone Investment Corp Pref Share,29.44,
hankmoody789,LAND,Gladstone Land Corp,16.12,
hankmoody789,LANDP,Gladstone Land Corp Pref Share,27.49,
hankmoody789,GLBZ,Glen Burnie Bancorp,12.57,
hankmoody789,GBT,Global Blood Therapeutics Inc,61.99,
hankmoody789,ENT,Global Eagle Entertainment Inc,10.05,
hankmoody789,GBLI,Global Indemnity Ltd,25.83,
hankmoody789,GBLIL,-,0,No result in autocomplete search
hankmoody789,GBLIZ,-,0,No result in autocomplete search
hankmoody789,SELF,Global Self Storage Inc,4.58,
hankmoody789,GWRS,Global Water Resources Inc,9.56,
hankmoody789,DRIV,-,0,Name field not found
hankmoody789,POTX,-,0,Name field not found
hankmoody789,CLOU,-,0,Name field not found
hankmoody789,KRMA,-,0,Name field not found
hankmoody789,BUG,-,0,Name field not found
hankmoody789,DAX,-,0,Name field not found
hankmoody789,EBIZ,-,0,Name field not found
hankmoody789,FINX,-,0,Name field not found
hankmoody789,CHIC,-,0,Name field not found
hankmoody789,AIQ,-,0,Name field not found
hankmoody789,GNOM,-,0,Name field not found
hankmoody789,BFIT,-,0,Name field not found
hankmoody789,SNSR,-,0,Name field not found
hankmoody789,LNGR,-,0,Name field not found
hankmoody789,MILN,-,0,Name field not found
hankmoody789,EFAS,-,0,Name field not found
hankmoody789,QYLD,-,0,Name field not found
hankmoody789,BOTZ,-,0,Name field not found
hankmoody789,CATH,-,0,Name field not found
hankmoody789,SOCL,-,0,Name field not found
hankmoody789,ALTY,-,0,Name field not found
hankmoody789,SRET,-,0,Name field not found
hankmoody789,GXTG,-,0,Name field not found
hankmoody789,HERO,-,0,Name field not found
hankmoody789,YLCO,-,0,Name field not found
hankmoody789,GLBS,Globus Maritime Ltd,0.79,
hankmoody789,GSMG,Glory Star New Media Group Holdings Ltd Ordinary Shares,4.62,
hankmoody789,GSMGW,-,0,No result in autocomplete search
hankmoody789,GLUU,Glu Mobile Inc,8.74,
hankmoody789,GLYC,GlycoMimetics Inc,4.64,
hankmoody789,GOGO,Gogo Inc,3.85,
hankmoody789,GLNG,Golar LNG Ltd,12.01,
hankmoody789,GMLP,Golar LNG Partners LP,4.53,
hankmoody789,GMLPP,Golar LNG Partners LP Pref Share,29.09,
hankmoody789,DNJR,Golden Bull Ltd,2.28,
hankmoody789,GDEN,Golden Entertainment Inc,14.56,
hankmoody789,GOGL,Golden Ocean Group Ltd,5.43,
hankmoody789,GBDC,Golub Capital BDC Inc Class B,12.75,
hankmoody789,GTIM,Good Times Restaurants Inc,2.07,
hankmoody789,GBLK,-,0,No result in autocomplete search
hankmoody789,GSHD,Goosehead Insurance Inc Class A,47.81,
hankmoody789,GPRO,GoPro Inc A,6.04,
hankmoody789,GPAQ,Gordon Pointe Acquisition Corp Ordinary Shares - Class A,13.38,
hankmoody789,GPAQU,,—,
hankmoody789,GPAQW,-,0,No result in autocomplete search
hankmoody789,GHIV,Gores Holdings IV Inc Ordinary Shares Class A,9.03,
hankmoody789,GHIVU,,—,
hankmoody789,GHIVW,-,0,No result in autocomplete search
hankmoody789,GMHI,Gores Metropoulos Inc Ordinary Shares Class A,9.84,
hankmoody789,GMHIU,,—,
hankmoody789,GMHIW,-,0,No result in autocomplete search
hankmoody789,GOSS,Gossamer Bio Inc,15.56,
hankmoody789,LOPE,Grand Canyon Education Inc,98.2,
hankmoody789,GRVY,GRAVITY Co Ltd ADR,63,
hankmoody789,GECC,Great Elm Capital Corp,5.75,
hankmoody789,GECCL,-,0,No result in autocomplete search
hankmoody789,GECCM,-,0,No result in autocomplete search
hankmoody789,GECCN,-,0,No result in autocomplete search
hankmoody789,GEC,Great Elm Capital Group Inc,2.96,
hankmoody789,GLDD,Great Lakes Dredge &amp, Dock Corp,10
hankmoody789,GSBC,Great Southern Bancorp Inc,43.9,
hankmoody789,GRBK,,14.23,
hankmoody789,GPP,Green Plains Partners LP,8.04,
hankmoody789,GPRE,Green Plains Inc,13.93,
hankmoody789,GCBC,Greene County Bancorp Inc,25.99,
hankmoody789,GTEC,Greenland Technologies Holding Corp Ordinary Shares,4.55,
hankmoody789,GNLN,Greenlane Holdings Inc,4.44,
hankmoody789,GLRE,Greenlight Capital Re Ltd Class A,7.58,
hankmoody789,GRNQ,Greenpro Capital Corp,1.33,
hankmoody789,GNRS,Greenrose Acquisition Corp Ordinary Shares,9.19,
hankmoody789,GNRSU,,—,
hankmoody789,GNRSW,-,0,No result in autocomplete search
hankmoody789,GSKY,GreenSky Inc Class A,6.2,
hankmoody789,GRNV,GreenVision Acquisition Corp Ordinary Shares,8.8,
hankmoody789,GRNVR,-,0,No result in autocomplete search
hankmoody789,GRNVU,,—,
hankmoody789,GRNVW,-,0,No result in autocomplete search
hankmoody789,GDYN,Grid Dynamics Holdings Inc Ordinary Shares Class A,10.19,
hankmoody789,GDYNW,-,0,No result in autocomplete search
hankmoody789,GSUM,Gridsum Holding Inc ADR,1.26,
hankmoody789,GRIF,Griffin Industrial Realty Inc,49.26,
hankmoody789,GRFS,Grifols SA ADR,24,
hankmoody789,GRIN,Grindrod Shipping Holdings Ltd Ordinary Shares,4.67,
hankmoody789,GRTS,Gritstone Oncology Inc,8.48,
hankmoody789,GO,Grocery Outlet Holding Corp,33.74,
hankmoody789,GRPN,Groupon Inc,48,
hankmoody789,GRWG,GrowGeneration Corp,8.25,
hankmoody789,OMAB,Grupo Aeroportuario del Centro Norte SAB de CV ADR,32,
hankmoody789,GGAL,Grupo Financiero Galicia SA ADR,11.79,
hankmoody789,GVP,GSE Systems Inc,1.6,
hankmoody789,GSIT,GSI Technology Inc,8.08,
hankmoody789,GTYH,GTY Technology Holdings Inc Class A,4.39,
hankmoody789,GNTY,Guaranty Bancshares Inc,27.57,
hankmoody789,GFED,Guaranty Federal Bancshares Inc,20.79,
hankmoody789,GH,Guardant Health Inc,59.32,
hankmoody789,GHSI,Guardion Health Sciences Inc,0.61,
hankmoody789,GIFI,Gulf Island Fabrication Inc,5.77,
hankmoody789,GURE,Gulf Resources Inc,7.92,
hankmoody789,GPOR,Gulfport Energy Corp,3.23,
hankmoody789,GWPH,GW Pharmaceuticals PLC ADR,114.26,
hankmoody789,GWGH,GWG Holdings Inc,9.39,
hankmoody789,GXGX,GX Acquisition Corp,9.65,
hankmoody789,GXGXU,,—,
hankmoody789,GXGXW,-,0,No result in autocomplete search
hankmoody789,GYRO,Gyrodyne LLC,17.36,
hankmoody789,HEES,H&amp,E Equipment Services Inc,23.22
hankmoody789,HLG,Hailiang Education Group Inc ADR,41.33,
hankmoody789,HNRG,Hallador Energy Co,1.83,
hankmoody789,HALL,Hallmark Financial Services Inc,6.16,
hankmoody789,HALO,Halozyme Therapeutics Inc,18.45,
hankmoody789,HLNE,Hamilton Lane Inc Class A,50.73,
hankmoody789,HJLI,Hancock Jaffe Laboratories Inc Ordinary Shares,0.49,
hankmoody789,HJLIW,-,0,No result in autocomplete search
hankmoody789,HWC,Hancock Whitney Corp,31.31,
hankmoody789,HWCPL,-,0,No result in autocomplete search
hankmoody789,HAFC,Hanmi Financial Corp,13.11,
hankmoody789,HAPP,Happiness Biotech Group Ltd,3.73,
hankmoody789,HONE,HarborOne Bancorp Inc,9.59,
hankmoody789,HLIT,Harmonic Inc,5.66,
hankmoody789,HARP,Harpoon Therapeutics Inc,18.22,
hankmoody789,HROW,Harrow Health Inc,7.92,
hankmoody789,HBIO,Harvard Bioscience Inc,3.79,
hankmoody789,HCAP,Harvest Capital Credit Corp,5.64,
hankmoody789,HCAPZ,-,0,No result in autocomplete search
hankmoody789,HAS,Hasbro Inc,89,
hankmoody789,HA,Hawaiian Holdings Inc,23.68,
hankmoody789,HWKN,Hawkins Inc,43.55,
hankmoody789,HWBK,Hawthorn Bancshares Inc,22.88,
hankmoody789,HYAC,Haymaker Acquisition Corp II Ordinary Shares - Class A,8.25,
hankmoody789,HYACU,,—,
hankmoody789,HYACW,-,0,No result in autocomplete search
hankmoody789,HAYN,Haynes International Inc,28.4,
hankmoody789,HBT,HBT Financial Inc Ordinary Shares,16.68,
hankmoody789,HDS,HD Supply Holdings Inc,46,
hankmoody789,HHR,HeadHunter Group PLC ADR,16.71,
hankmoody789,HCAT,Health Catalyst Inc,39.87,
hankmoody789,HCCO,Healthcare Merger Corp Ordinary Shares - Class A,9.23,
hankmoody789,HCCOU,,—,
hankmoody789,HCCOW,-,0,No result in autocomplete search
hankmoody789,HCSG,-,0,No result in autocomplete search
hankmoody789,HTIA,Healthcare Trust Inc Pref Share,—,
hankmoody789,HQY,HealthEquity Inc,61.85,
hankmoody789,HSTM,HealthStream Inc,22.98,
hankmoody789,HTLD,Heartland Express Inc,20.1,
hankmoody789,HTLF,Heartland Financial USA Inc,35.79,
hankmoody789,HTBX,Heat Biologics Inc,1.17,
hankmoody789,HEBT,Hebron Technology Co Ltd,14.15,
hankmoody789,HSII,Heidrick &amp, Struggles International Inc,22.77
hankmoody789,HELE,Helen Of Troy Ltd,170.8,
hankmoody789,HLIO,Helios Technologies Inc,36.66,
hankmoody789,HSDT,Helius Medical Technologies Inc,0.72,
hankmoody789,HMTV,Hemisphere Media Group Inc,9.95,
hankmoody789,HNNA,Hennessy Advisors Inc,10.12,
hankmoody789,HCAC,Hennessy Capital Acquisition Corp IV Class A,7.02,
hankmoody789,HCACU,,—,
hankmoody789,HCACW,-,0,No result in autocomplete search
hankmoody789,HSIC,Henry Schein Inc,60,
hankmoody789,HEPA,Hepion Pharmaceuticals Inc,3.71,
hankmoody789,HTBK,Heritage Commerce Corp,8.86,
hankmoody789,HFWA,Heritage Financial Corp,20.43,
hankmoody789,HCCI,Heritage-Crystal Clean Inc,20.4,
hankmoody789,MLHR,Herman Miller Inc,31.49,
hankmoody789,HRTX,Heron Therapeutics Inc,25.01,
hankmoody789,HSKA,Heska Corp,101.15,
hankmoody789,HX,Hexindai Inc ADR,1.6,
hankmoody789,HFFG,HF Foods Group Inc,13.24,
hankmoody789,HIBB,Hibbett Sports Inc,29.45,
hankmoody789,SNLN,-,0,Name field not found
hankmoody789,HIHO,Highway Holdings Ltd,3.42,
hankmoody789,HIMX,Himax Technologies Inc ADR,4.34,
hankmoody789,HIFS,Hingham Institution for Savings,180.03,
hankmoody789,HQI,HireQuest Inc,5.21,
hankmoody789,HSTO,Histogen Inc,4.85,
hankmoody789,HCCH,HL Acquisitions Corp Ordinary Shares,12.7,
hankmoody789,HCCHR,-,0,No result in autocomplete search
hankmoody789,HCCHU,,—,
hankmoody789,HCCHW,-,0,No result in autocomplete search
hankmoody789,HMNF,HMN Financial Inc,18.13,
hankmoody789,HMSY,HMS Holdings Corp,31.98,
hankmoody789,HOLI,Hollysys Automation Technologies Ltd,14.86,
hankmoody789,HOLX,Hologic Inc,48,
hankmoody789,HBCP,Home Bancorp Inc,29.74,
hankmoody789,HOMB,Home BancShares Inc,18.14,
hankmoody789,HFBL,Home Federal Bancorp Inc of louisiana,30.36,
hankmoody789,HMST,HomeStreet Inc,26.56,
hankmoody789,HTBI,HomeTrust Bancshares Inc,19.91,
hankmoody789,FIXX,Homology Medicines Inc,17.04,
hankmoody789,HOFT,Hooker Furniture Corp,23.22,
hankmoody789,HOOK,HOOKIPA Pharma Inc,14.66,
hankmoody789,HOPE,Hope Bancorp Inc,11.22,
hankmoody789,HBNC,Horizon Bancorp (IN),13.6,
hankmoody789,HRZN,Horizon Technology Finance Corp,14.33,
hankmoody789,HZNP,Horizon Therapeutics PLC,46.94,
hankmoody789,TWNK,Hostess Brands Inc Class A,15.8,
hankmoody789,TWNKW,-,0,No result in autocomplete search
hankmoody789,HOTH,Hoth Therapeutics Inc Ordinary Shares,2.84,
hankmoody789,HMHC,Houghton Mifflin Harcourt Co,3.59,
hankmoody789,HWCC,Houston Wire &amp, Cable Co,3.7
hankmoody789,HOVNP,Hovnanian Enterprises Inc Pref Share,6.63,
hankmoody789,HBMD,Howard Bancorp Inc,11.95,
hankmoody789,HTGM,HTG Molecular Diagnostics Inc,1.18,
hankmoody789,HTHT,Huazhu Group Ltd ADR,30.3,
hankmoody789,HUBG,Hub Group Inc Class A,43,
hankmoody789,HUSN,Hudson Capital Inc,1.3,
hankmoody789,HECCU,,—,
hankmoody789,HSON,Hudson Global Inc,13.11,
hankmoody789,HDSN,Hudson Technologies Inc,1.2,
hankmoody789,HUIZ,Huize Holding Ltd ADR,7.53,
hankmoody789,HBAN,Huntington Bancshares Inc,14.5,
hankmoody789,HBANN,Huntington Bancshares Inc Pref Share,30.03,
hankmoody789,HBANO,Huntington Bancshares Inc Pref Share,30.3,
hankmoody789,HURC,Hurco Companies Inc,34.24,
hankmoody789,HURN,Huron Consulting Group Inc,44.02,
hankmoody789,HCM,Hutchison China Meditech Ltd ADR,21.14,
hankmoody789,HBP,Huttig Building Products Inc,2.15,
hankmoody789,HVBC,HV Bancorp Inc,15.52,
hankmoody789,HYMC,Hycroft Mining Holding Corp Ordinary Shares Class A,9.68,
hankmoody789,HYMCW,-,0,No result in autocomplete search
hankmoody789,HYRE,HyreCar Inc,4.11,
hankmoody789,IIIV,i3 Verticals Inc,35.64,
hankmoody789,IAC,IAC/InterActiveCorp,227,
hankmoody789,IBKC,IBERIABANK Corp,64.12,
hankmoody789,IBKCN,IBERIABANK Corp Pref Share,31.73,
hankmoody789,IBKCO,IBERIABANK Corp Pref Share,34.35,
hankmoody789,IBKCP,IBERIABANK Corp Pref Share,33.11,
hankmoody789,IBEX,-,0,No result in autocomplete search
hankmoody789,ICAD,icad Inc,12.71,
hankmoody789,IEP,Icahn Enterprises LP,54.3,
hankmoody789,ICCH,ICC Holdings Inc,14.8,
hankmoody789,ICFI,ICF International Inc,69.94,
hankmoody789,ICHR,Ichor Holdings Ltd,28.56,
hankmoody789,ICLK,iClick Interactive Asia Group Ltd ADR,5.68,
hankmoody789,ICLR,Icon PLC,125,
hankmoody789,ICON,Iconix Brand Group Inc,1.64,
hankmoody789,ICUI,ICU Medical Inc,190,
hankmoody789,IPWR,Ideal Power Inc,6.41,
hankmoody789,IDEX,Ideanomics Inc,2.44,
hankmoody789,IDYA,IDEAYA Biosciences Inc,18.09,
hankmoody789,INVE,Identiv Inc,7.46,
hankmoody789,IDRA,-,0,No result in autocomplete search
hankmoody789,IDXX,IDEXX Laboratories Inc,166,
hankmoody789,IEC,IEC Electronics Corp,10.96,
hankmoody789,IESC,IES Holdings Inc,25.59,
hankmoody789,IROQ,IF Bancorp Inc,19.96,
hankmoody789,IFMK,iFresh Inc,1.83,
hankmoody789,IGMS,IGM Biosciences Inc Ordinary Shares,61.49,
hankmoody789,IHRT,iHeartMedia Inc,14.54,
hankmoody789,INFO,IHS Markit Ltd,67,
hankmoody789,IIVI,II-VI Inc,55.97,
hankmoody789,IKNX,Ikonics Corp,5.91,
hankmoody789,ILMN,Illumina Inc,285,
hankmoody789,IMAB,I-MAB ADR,27.94,
hankmoody789,IMAC,IMAC Holdings Inc,2.64,
hankmoody789,IMACW,-,0,No result in autocomplete search
hankmoody789,ISNS,Image Sensing Systems Inc,5.32,
hankmoody789,IMRA,Imara Inc Ordinary Shares,39.99,
hankmoody789,IMBI,iMedia Brands Inc Class A,5.84,
hankmoody789,IMMR,Immersion Corp,7.03,
hankmoody789,ICCC,ImmuCell Corp,5.85,
hankmoody789,IMUX,Immunic Inc,15.13,
hankmoody789,IMGN,Immunogen Inc,5.59,
hankmoody789,IMMU,Immunomedics Inc,27.38,
hankmoody789,IMVT,Immunovant Inc,27.2,
hankmoody789,IMVTU,,—,
hankmoody789,IMVTW,-,0,No result in autocomplete search
hankmoody789,IMRN,Immuron Ltd ADR,8.56,
hankmoody789,IMRNW,-,0,No result in autocomplete search
hankmoody789,IMMP,Immutep Ltd ADR,1.66,
hankmoody789,PI,Impinj Inc,35.97,
hankmoody789,IMV,IMV Inc,3.16,
hankmoody789,NARI,Inari Medical Inc Ordinary Shares,31.93,
hankmoody789,INCY,Incyte Corp,97,
hankmoody789,INDB,Independent Bank Corp,69.36,
hankmoody789,IBCP,Independent Bank Corp (Ionia MI),18.54,
hankmoody789,IBTX,Independent Bank Group Inc,57.6,
hankmoody789,ILPT,Industrial Logistics Properties Trust,23.42,
hankmoody789,INFN,Infinera Corp,—,
hankmoody789,INFI,Infinity Pharmaceuticals Inc,1,
hankmoody789,IFRX,InflaRx NV,6.95,
hankmoody789,III,Information Services Group Inc,2.55,
hankmoody789,IEA,Infrastructure and Energy Alternatives Inc,4.8,
hankmoody789,IEAWW,-,0,No result in autocomplete search
hankmoody789,IMKTA,Ingles Markets Inc Class A,46.41,
hankmoody789,INMD,InMode Ltd,36.62,
hankmoody789,INMB,INmune Bio Inc,7.22,
hankmoody789,IPHA,Innate Pharma SA ADR,7.71,
hankmoody789,INWK,InnerWorkings Inc,2.92,
hankmoody789,INOD,Innodata Inc,1.81,
hankmoody789,IOSP,Innospec Inc,78.93,
hankmoody789,ISSC,Innovative Solutions and Support Inc,6.12,
hankmoody789,INVA,Innoviva Inc,13.89,
hankmoody789,INGN,Inogen Inc,40.08,
hankmoody789,INOV,Inovalon Holdings Inc,17.33,
hankmoody789,INO,Inovio Pharmaceuticals Inc,13.06,
hankmoody789,INPX,Inpixon,2.45,
hankmoody789,INSG,Inseego Corp,11.14,
hankmoody789,NSIT,Insight Enterprises Inc,62.2,
hankmoody789,ISIG,Insignia Systems Inc,1.24,
hankmoody789,INSM,Insmed Inc,25.98,
hankmoody789,INSE,Inspired Entertainment Inc,4.32,
hankmoody789,IIIN,Insteel Industries Inc,21.72,
hankmoody789,PODD,Insulet Corp,126,
hankmoody789,INSU,Insurance Acquisition Corp Ordinary Shares - Class A,9.69,
hankmoody789,INSUU,,—,
hankmoody789,INSUW,-,0,No result in autocomplete search
hankmoody789,NTEC,Intec Pharma Ltd,0.5,
hankmoody789,IART,Integra Lifesciences Holdings Corp,47.13,
hankmoody789,IMTE,Integrated Media Technology Ltd,6.76,
hankmoody789,INTC,Intel Corp,70,
hankmoody789,NTLA,Intellia Therapeutics Inc,20.95,
hankmoody789,IDN,Intellicheck Inc,7.16,
hankmoody789,IPAR,Inter Parfums Inc,53.19,
hankmoody789,IBKR,Interactive Brokers Group Inc,39.6,
hankmoody789,ICPT,Intercept Pharmaceuticals Inc,153,
hankmoody789,IDCC,InterDigital Inc,57.89,
hankmoody789,TILE,Interface Inc,10.32,
hankmoody789,IBOC,International Bancshares Corp,38.85,
hankmoody789,IGIC,International General Insurance Holdings Ltd Ordinary Shares,8.17,
hankmoody789,IGICW,-,0,No result in autocomplete search
hankmoody789,IMXI,International Money Express Inc,12.59,
hankmoody789,IDXG,Interpace Biosciences Inc,8.01,
hankmoody789,XENT,Intersect ENT Inc,17.63,
hankmoody789,IPLDP,Interstate Power and Light Co Pref Share,—,
hankmoody789,IVAC,Intevac Inc,7.41,
hankmoody789,INTL,INTL FCStone Inc,63.3,
hankmoody789,ITCI,Intra-Cellular Therapies Inc,29.43,
hankmoody789,IIN,IntriCon Corp,17.55,
hankmoody789,INTU,Intuit Inc,277,
hankmoody789,ISRG,Intuitive Surgical Inc,443,
hankmoody789,PLW,-,0,Name field not found
hankmoody789,ADRE,-,0,Name field not found
hankmoody789,BSCK,-,0,Name field not found
hankmoody789,BSJK,-,0,Name field not found
hankmoody789,BSCL,-,0,Name field not found
hankmoody789,BSJL,-,0,Name field not found
hankmoody789,BSML,-,0,Name field not found
hankmoody789,BSAE,-,0,Name field not found
hankmoody789,BSCM,-,0,Name field not found
hankmoody789,BSJM,-,0,Name field not found
hankmoody789,BSMM,-,0,Name field not found
hankmoody789,BSBE,-,0,Name field not found
hankmoody789,BSCN,-,0,Name field not found
hankmoody789,BSJN,-,0,Name field not found
hankmoody789,BSMN,-,0,Name field not found
hankmoody789,BSCE,-,0,Name field not found
hankmoody789,BSCO,-,0,Name field not found
hankmoody789,BSJO,-,0,Name field not found
hankmoody789,BSMO,-,0,Name field not found
hankmoody789,BSDE,-,0,Name field not found
hankmoody789,BSCP,-,0,Name field not found
hankmoody789,BSJP,-,0,Name field not found
hankmoody789,BSMP,-,0,Name field not found
hankmoody789,BSCQ,-,0,Name field not found
hankmoody789,BSJQ,-,0,Name field not found
hankmoody789,BSMQ,-,0,Name field not found
hankmoody789,BSCR,-,0,Name field not found
hankmoody789,BSJR,-,0,Name field not found
hankmoody789,BSMR,-,0,Name field not found
hankmoody789,BSCS,-,0,Name field not found
hankmoody789,BSMS,-,0,Name field not found
hankmoody789,BSCT,-,0,Name field not found
hankmoody789,BSMT,-,0,Name field not found
hankmoody789,PKW,-,0,Name field not found
hankmoody789,PFM,-,0,Name field not found
hankmoody789,PYZ,-,0,Name field not found
hankmoody789,PEZ,-,0,Name field not found
hankmoody789,PSL,-,0,Name field not found
hankmoody789,PIZ,-,0,Name field not found
hankmoody789,PIE,-,0,Name field not found
hankmoody789,PXI,-,0,Name field not found
hankmoody789,PFI,-,0,Name field not found
hankmoody789,PTH,-,0,Name field not found
hankmoody789,PRN,-,0,No result in autocomplete search
hankmoody789,PDP,-,0,Name field not found
hankmoody789,DWAS,-,0,Name field not found
hankmoody789,PTF,-,0,Name field not found
hankmoody789,PUI,-,0,Name field not found
hankmoody789,IDLB,-,0,Name field not found
hankmoody789,PRFZ,-,0,Name field not found
hankmoody789,PIO,-,0,Name field not found
hankmoody789,PGJ,-,0,Name field not found
hankmoody789,PEY,-,0,Name field not found
hankmoody789,IPKW,-,0,Name field not found
hankmoody789,PID,-,0,Name field not found
hankmoody789,KBWB,-,0,Name field not found
hankmoody789,KBWD,-,0,Name field not found
hankmoody789,KBWY,-,0,Name field not found
hankmoody789,KBWP,-,0,Name field not found
hankmoody789,KBWR,-,0,Name field not found
hankmoody789,PNQI,-,0,Name field not found
hankmoody789,PDBC,-,0,Name field not found
hankmoody789,QQQ,-,0,Name field not found
hankmoody789,ISDX,-,0,Name field not found
hankmoody789,ISDS,-,0,Name field not found
hankmoody789,ISEM,-,0,Name field not found
hankmoody789,IUS,-,0,Name field not found
hankmoody789,IUSS,-,0,Name field not found
hankmoody789,USLB,-,0,Name field not found
hankmoody789,PSCD,-,0,Name field not found
hankmoody789,PSCC,-,0,Name field not found
hankmoody789,PSCE,-,0,Name field not found
hankmoody789,PSCF,-,0,Name field not found
hankmoody789,PSCH,-,0,Name field not found
hankmoody789,PSCI,-,0,Name field not found
hankmoody789,PSCT,-,0,Name field not found
hankmoody789,PSCM,-,0,Name field not found
hankmoody789,PSCU,-,0,Name field not found
hankmoody789,VRIG,-,0,Name field not found
hankmoody789,PHO,-,0,Name field not found
hankmoody789,ISTR,Investar Holding Corp,20.43,
hankmoody789,CMFNL,-,0,No result in autocomplete search
hankmoody789,ICMB,Investcorp Credit Management BDC Inc,5.24,
hankmoody789,ISBC,Investors Bancorp Inc,9.6,
hankmoody789,ITIC,Investors Title Co,134.35,
hankmoody789,NVIV,InVivo Therapeutics Holdings Corp,2.58,
hankmoody789,IONS,Ionis Pharmaceuticals Inc,58,
hankmoody789,IOVA,Iovance Biotherapeutics Inc,25.96,
hankmoody789,IPGP,IPG Photonics Corp,149.2,
hankmoody789,CLRG,-,0,Name field not found
hankmoody789,CSML,-,0,Name field not found
hankmoody789,IQ,iQIYI Inc ADR,24.09,
hankmoody789,IRMD,iRadimed Corp,20.9,
hankmoody789,IRTC,iRhythm Technologies Inc,92.83,
hankmoody789,IRIX,IRIDEX Corp,3.17,
hankmoody789,IRDM,Iridium Communications Inc,26.37,
hankmoody789,IRBT,iRobot Corp,87.38,
hankmoody789,IRWD,Ironwood Pharmaceuticals Inc Class A,9.47,
hankmoody789,IRCP,IRSA Propiedades Comerciales SA ADR,8.52,
hankmoody789,SLQD,-,0,Name field not found
hankmoody789,ISHG,-,0,Name field not found
hankmoody789,SHY,-,0,Name field not found
hankmoody789,TLT,-,0,Name field not found
hankmoody789,IEI,-,0,Name field not found
hankmoody789,IEF,-,0,Name field not found
hankmoody789,AIA,-,0,Name field not found
hankmoody789,USIG,-,0,Name field not found
hankmoody789,COMT,-,0,Name field not found
hankmoody789,ISTB,-,0,Name field not found
hankmoody789,IXUS,-,0,Name field not found
hankmoody789,IUSG,-,0,Name field not found
hankmoody789,IUSV,-,0,Name field not found
hankmoody789,IUSB,-,0,Name field not found
hankmoody789,HEWG,-,0,Name field not found
hankmoody789,SUSB,-,0,Name field not found
hankmoody789,ESGD,-,0,Name field not found
hankmoody789,ESGE,-,0,Name field not found
hankmoody789,LDEM,-,0,Name field not found
hankmoody789,ESGU,-,0,Name field not found
hankmoody789,SUSL,-,0,Name field not found
hankmoody789,SUSC,-,0,Name field not found
hankmoody789,XT,-,0,Name field not found
hankmoody789,FALN,-,0,Name field not found
hankmoody789,IFEU,-,0,Name field not found
hankmoody789,IFGL,-,0,Name field not found
hankmoody789,BGRN,-,0,Name field not found
hankmoody789,IGF,-,0,Name field not found
hankmoody789,GNMA,-,0,Name field not found
hankmoody789,IBTA,-,0,Name field not found
hankmoody789,IBTB,-,0,Name field not found
hankmoody789,IBTD,-,0,Name field not found
hankmoody789,IBTE,-,0,Name field not found
hankmoody789,IBTF,-,0,Name field not found
hankmoody789,IBTG,-,0,Name field not found
hankmoody789,IBTH,-,0,Name field not found
hankmoody789,IBTI,-,0,Name field not found
hankmoody789,IBTJ,-,0,Name field not found
hankmoody789,HYXE,-,0,Name field not found
hankmoody789,IGIB,-,0,Name field not found
hankmoody789,IGOV,-,0,Name field not found
hankmoody789,EMB,-,0,Name field not found
hankmoody789,MBB,-,0,Name field not found
hankmoody789,JKI,-,0,Name field not found
hankmoody789,ACWX,-,0,Name field not found
hankmoody789,ACWI,-,0,Name field not found
hankmoody789,AAXJ,-,0,Name field not found
hankmoody789,EWZS,-,0,Name field not found
hankmoody789,MCHI,-,0,Name field not found
hankmoody789,SCZ,-,0,Name field not found
hankmoody789,EEMA,-,0,Name field not found
hankmoody789,EMXC,-,0,Name field not found
hankmoody789,EUFN,-,0,Name field not found
hankmoody789,IEUS,-,0,Name field not found
hankmoody789,RING,-,0,Name field not found
hankmoody789,SDG,-,0,Name field not found
hankmoody789,EWJE,-,0,Name field not found
hankmoody789,EWJV,-,0,Name field not found
hankmoody789,ENZL,-,0,Name field not found
hankmoody789,QAT,-,0,Name field not found
hankmoody789,TUR,-,0,Name field not found
hankmoody789,UAE,-,0,Name field not found
hankmoody789,IBB,-,0,Name field not found
hankmoody789,SOXX,-,0,Name field not found
hankmoody789,PFF,-,0,Name field not found
hankmoody789,AMCA,-,0,Name field not found
hankmoody789,EMIF,-,0,Name field not found
hankmoody789,ICLN,-,0,Name field not found
hankmoody789,WOOD,-,0,Name field not found
hankmoody789,INDY,-,0,Name field not found
hankmoody789,IJT,-,0,Name field not found
hankmoody789,DVY,-,0,Name field not found
hankmoody789,SHV,-,0,Name field not found
hankmoody789,IGSB,-,0,Name field not found
hankmoody789,ITMR,Itamar Medical Ltd ADR,23.01,
hankmoody789,ITI,Iteris Inc,5.85,
hankmoody789,ITRM,Iterum Therapeutics PLC,1.77,
hankmoody789,ITRI,Itron Inc,74.38,
hankmoody789,ITRN,Ituran Location and Control Ltd,20.06,
hankmoody789,ISEE,IVERIC bio Inc,8.01,
hankmoody789,IZEA,IZEA Worldwide Inc,2.08,
hankmoody789,JJSF,J&amp,J Snack Foods Corp,131.56
hankmoody789,MAYS,J. W. Mays Inc,30.04,
hankmoody789,JBHT,JB Hunt Transport Services Inc,97,
hankmoody789,JCOM,J2 Global Inc,69.66,
hankmoody789,JKHY,Jack Henry &amp, Associates Inc,131
hankmoody789,JACK,Jack In The Box Inc,86.27,
hankmoody789,JAGX,Jaguar Health Inc,0.82,
hankmoody789,JAKK,Jakks Pacific Inc,1.21,
hankmoody789,JRVR,James River Group Holdings Ltd,45.45,
hankmoody789,JAN,JanOne Inc,5.94,
hankmoody789,JSML,-,0,Name field not found
hankmoody789,JSMD,-,0,Name field not found
hankmoody789,JAZZ,Jazz Pharmaceuticals PLC,135,
hankmoody789,JD,JD.com Inc ADR,56,
hankmoody789,JRSH,Jerash Holdings (US) Inc,6.41,
hankmoody789,JBLU,JetBlue Airways Corp,—,
hankmoody789,JCTCF,Jewett-Cameron Trading Co Ltd,8.34,
hankmoody789,JFIN,Jiayin Group Inc ADR,6.08,
hankmoody789,JMPNL,-,0,No result in autocomplete search
hankmoody789,JMPNZ,-,0,No result in autocomplete search
hankmoody789,JBSS,John B Sanfilippo &amp, Son Inc,81.69
hankmoody789,JOUT,Johnson Outdoors Inc Class A,84.18,
hankmoody789,JNCE,Jounce Therapeutics Inc,8.41,
hankmoody789,YY,JOYY Inc ADR,106.62,
hankmoody789,KALU,Kaiser Aluminum Corp,84.01,
hankmoody789,KXIN,Kaixin Auto Holdings Ordinary Shares,1.3,
hankmoody789,KALA,Kala Pharmaceuticals Inc,12.95,
hankmoody789,KLDO,Kaleido Biosciences Inc,7.54,
hankmoody789,KALV,KalVista Pharmaceuticals Inc,14.69,
hankmoody789,KMDA,Kamada Ltd,9.27,
hankmoody789,KNDI,Kandi Technologies Group Inc,4.44,
hankmoody789,KRTX,Karuna Therapeutics Inc,83.93,
hankmoody789,KPTI,Karyopharm Therapeutics Inc,18.06,
hankmoody789,KZIA,Kazia Therapeutics Ltd ADR,3.6,
hankmoody789,KBLM,KBL Merger Corp IV,9.05,
hankmoody789,KBLMR,-,0,No result in autocomplete search
hankmoody789,KBLMU,KBL Merger Corp IV,9.63,
hankmoody789,KBLMW,-,0,No result in autocomplete search
hankmoody789,KBSF,KBS Fashion Group Ltd,3.49,
hankmoody789,KRNY,Kearny Financial Corp,9.42,
hankmoody789,KELYA,Kelly Services Inc Class A,20.15,
hankmoody789,KELYB,Kelly Services Inc Class B,22.11,
hankmoody789,KFFB,Kentucky First Federal Bancorp,7.68,
hankmoody789,KROS,Keros Therapeutics Inc,34.86,
hankmoody789,KEQU,Kewaunee Scientific Corp,15.08,
hankmoody789,KTCC,Key Tronic Corp,6.2,
hankmoody789,KZR,Kezar Life Sciences Inc,6.57,
hankmoody789,KFRC,Kforce Inc,31.5,
hankmoody789,KE,Kimball Electronics Inc,14.48,
hankmoody789,KBAL,Kimball International Inc Class B,14.4,
hankmoody789,KIN,Kindred Biosciences Inc,5.99,
hankmoody789,KGJI,Kingold Jewelry Inc,2.19,
hankmoody789,KC,Kingsoft Cloud Holdings Ltd ADR,21.01,
hankmoody789,KINS,Kingstone Companies Inc,6.23,
hankmoody789,KNSA,Kiniksa Pharmaceuticals Ltd Class A,23.84,
hankmoody789,KNSL,Kinsale Capital Group Inc,119.77,
hankmoody789,KIRK,Kirkland's Inc,3.82,
hankmoody789,KTOV,Kitov Pharma Ltd ADR,0.7,
hankmoody789,KTOVW,-,0,No result in autocomplete search
hankmoody789,KLAC,KLA Corp,160,
hankmoody789,KLXE,KLX Energy Services Holdings Inc Ordinary Shares,5.21,
hankmoody789,KOD,Kodiak Sciences Inc,53.8,
hankmoody789,KOPN,Kopin Corp,2.07,
hankmoody789,KRNT,Kornit Digital Ltd,40.91,
hankmoody789,KOSS,Koss Corp,2.54,
hankmoody789,KWEB,-,0,Name field not found
hankmoody789,KTOS,Kratos Defense &amp, Security Solutions Inc,18.44
hankmoody789,KRYS,Krystal Biotech Inc,42.58,
hankmoody789,KLIC,Kulicke &amp, Soffa Industries Inc,23.98
hankmoody789,KURA,Kura Oncology Inc,19.13,
hankmoody789,KRUS,Kura Sushi USA Inc Ordinary Shares - Class A,23.4,
hankmoody789,KVHI,KVH Industries Inc,10.08,
hankmoody789,FSTR,L.B. Foster Co Class A,18.55,
hankmoody789,LJPC,La Jolla Pharmaceutical Co,7.06,
hankmoody789,LSBK,Lake Shore Bancorp Inc,14.45,
hankmoody789,LBAI,Lakeland Bancorp Inc,12.67,
hankmoody789,LKFN,Lakeland Financial Corp,47.13,
hankmoody789,LAKE,Lakeland Industries Inc,25.33,
hankmoody789,LRCX,Lam Research Corp,310,
hankmoody789,LAMR,Lamar Advertising Co Class A,84.04,
hankmoody789,LANC,Lancaster Colony Corp,134.86,
hankmoody789,LCA,Landcadia Holdings II Inc Class A,9.68,
hankmoody789,LCAHU,,—,
hankmoody789,LCAHW,-,0,No result in autocomplete search
hankmoody789,LNDC,Landec Corp,11.3,
hankmoody789,LARK,Landmark Bancorp Inc,27.83,
hankmoody789,LMRK,Landmark Infrastructure Partners LP,12.17,
hankmoody789,LMRKN,Landmark Infrastructure Partners LP Pref Share,30.76,
hankmoody789,LMRKO,Landmark Infrastructure Partners LP Pref Share,29.3,
hankmoody789,LMRKP,Landmark Infrastructure Partners LP Pref Share,30.65,
hankmoody789,LE,Lands' End Inc,12.2,
hankmoody789,LSTR,Landstar System Inc,92,
hankmoody789,LTRN,Lantern Pharma Inc Ordinary Shares,12.26,
hankmoody789,LNTH,Lantheus Holdings Inc,17.86,
hankmoody789,LTRX,Lantronix Inc,5.07,
hankmoody789,LRMR,Larimar Therapeutics Inc,17.17,
hankmoody789,LSCC,Lattice Semiconductor Corp,20.94,
hankmoody789,LAUR,Laureate Education Inc Class A,15.24,
hankmoody789,LAWS,Lawson Products Inc,40.16,
hankmoody789,LAZY,Lazydays Holdings Inc,12.56,
hankmoody789,LCNB,LCNB Corp,16.89,
hankmoody789,LPTX,Leap Therapeutics Inc,2.42,
hankmoody789,LEGH,Legacy Housing Corp,15.69,
hankmoody789,LEGN,Legend Biotech Corp ADR,31.55,
hankmoody789,INFR,-,0,Name field not found
hankmoody789,LVHD,-,0,Name field not found
hankmoody789,SQLV,-,0,Name field not found
hankmoody789,LACQ,Leisure Acquisition Corp,10.75,
hankmoody789,LACQU,Leisure Acquisition Corp Units (1 Ord &amp, 1/2 War),9.58
hankmoody789,LACQW,-,0,No result in autocomplete search
hankmoody789,LMAT,LeMaitre Vascular Inc,25.4,
hankmoody789,TREE,LendingTree Inc,280.04,
hankmoody789,LEVL,Level One Bancorp Inc,20.57,
hankmoody789,LXRX,Lexicon Pharmaceuticals Inc,2.3,
hankmoody789,LX,LexinFintech Holdings Ltd DR,12.84,
hankmoody789,LFAC,LF Capital Acquisition Corp Ordinary Shares - Class A,10.06,
hankmoody789,LFACU,,—,
hankmoody789,LFACW,-,0,No result in autocomplete search
hankmoody789,LGIH,LGI Homes Inc,97.5,
hankmoody789,LHCG,LHC Group Inc,151.05,
hankmoody789,LLIT,Lianluo Smart Ltd Class A,0.77,
hankmoody789,LBRDA,Liberty Broadband Corp A,111.36,
hankmoody789,LBRDK,Liberty Broadband Corp C,112.08,
hankmoody789,LBTYA,Liberty Global PLC Class A,33,
hankmoody789,LBTYB,Liberty Global PLC Class B,31.5,
hankmoody789,LBTYK,Liberty Global PLC C,29.75,
hankmoody789,LILA,Liberty Latin America Ltd,16,
hankmoody789,LILAK,Liberty Latin America Ltd Class C,15.49,
hankmoody789,BATRA,Liberty Braves Group,24.07,
hankmoody789,BATRK,Liberty Braves Group C,23.64,
hankmoody789,FWONA,Liberty Formula One Group A,31,
hankmoody789,FWONK,Liberty Formula One Group C,31,
hankmoody789,LSXMA,Liberty SiriusXM Group A,46.52,
hankmoody789,LSXMB,Liberty SiriusXM Group B,47.21,
hankmoody789,LSXMK,Liberty SiriusXM Group C,45.75,
hankmoody789,LTRPA,Liberty TripAdvisor Holdings Inc Class A,3.51,
hankmoody789,LTRPB,Liberty TripAdvisor Holdings Inc Class B,84.08,
hankmoody789,LSAC,LifeSci Acquisition Corp Ordinary Shares,10.34,
hankmoody789,LSACU,,—,
hankmoody789,LSACW,-,0,No result in autocomplete search
hankmoody789,LCUT,Lifetime Brands Inc,8.57,
hankmoody789,LFVN,Lifevantage Corp,14.8,
hankmoody789,LWAY,Lifeway Foods Inc,3.2,
hankmoody789,LGND,Ligand Pharmaceuticals Inc,108.11,
hankmoody789,LTBR,Lightbridge Corp,7.14,
hankmoody789,LPTH,LightPath Technologies Inc A,3.45,
hankmoody789,LLEX,-,0,No result in autocomplete search
hankmoody789,LMB,Limbach Holdings Inc,5.13,
hankmoody789,LLNW,Limelight Networks Inc,5.27,
hankmoody789,LMST,Limestone Bancorp Inc,17.7,
hankmoody789,LMNL,Liminal Biosciences Inc,10.99,
hankmoody789,LMNR,Limoneira Co,16.2,
hankmoody789,LINC,Lincoln Educational Services Corp,4.94,
hankmoody789,LECO,Lincoln Electric Holdings Inc,78,
hankmoody789,LIND,Lindblad Expeditions Holdings Inc,12.34,
hankmoody789,LPCN,Lipocine Inc,1.04,
hankmoody789,LIQT,LiqTech International Inc,6.59,
hankmoody789,YVR,Liquid Media Group Ltd,1.79,
hankmoody789,LQDA,Liquidia Technologies Inc,9.54,
hankmoody789,LQDT,Liquidity Service Inc,9.24,

hankmoody789,LFUS,Littelfuse Inc,180.00
hankmoody789,LIVK,LIV Capital Acquisition Corp Ordinary Shares Class A,9.60
hankmoody789,LIVKU,,—
hankmoody789,LIVKW,-,0,No result in autocomplete search
hankmoody789,LIVN,LivaNova PLC,68.00
hankmoody789,LOB,Live Oak Bancshares Inc,18.16
hankmoody789,LIVE,Live Ventures Inc,15.88
hankmoody789,LPSN,LivePerson Inc,41.49
hankmoody789,LIVX,LiveXLive Media Inc,4.81
hankmoody789,LVGO,Livongo Health Inc,48.96
hankmoody789,LIZI,Lizhi Inc ADR,7.93
hankmoody789,LKQ,LKQ Corp,35.00
hankmoody789,LMFA,LM Funding America Inc,2.04
hankmoody789,LMFAW,-,0,No result in autocomplete search
hankmoody789,LMPX,LMP Automotive Holdings Inc Ordinary Shares,15.82
hankmoody789,LOGC,LogicBio Therapeutics Inc,8.59
hankmoody789,LOGI,Logitech International SA,—